Exercise;Difficulty;Muscle_Group
Stability_Ball_Dead_Bug;Beginner;Abdominals
Glute_Bridge;Beginner;Glutes
Bird_Dog;Beginner;Abdominals
Stability_Ball_Seated_Russian_Twist_;Beginner;Abdominals
Stability_Ball_Feet_Elevated_Crunch_;Beginner;Abdominals
Ring_Hanging_Knee_Raise_;Intermediate;Abdominals
Parallette_Mountain_Climber;Novice;Abdominals
Parallette_Push_Up;Novice;Chest
Knee_Hover_Bird_Dog;Intermediate;Abdominals
Stability_Ball_Pass;Novice;Abdominals
Dead_Bug;Beginner;Abdominals
Alternating_Heel_Taps;Beginner;Abdominals
Flutter_Kicks;Beginner;Abdominals
Kneeling_Plank;Beginner;Abdominals
Seated_Ab_Circles;Novice;Abdominals
Ring_Hanging_Oblique_Knee_Raise;Intermediate;Abdominals
Stability_Ball_Stir_The_Pot;Novice;Abdominals
Alternating_Side_Kick_Through;Intermediate;Abdominals
Ring_L_Hang_Flutter_Kicks_;Intermediate;Abdominals
Slam_Ball_Russian_Twist;Intermediate;Abdominals
Dumbbell_Otis_Up;Novice;Abdominals
Single_Arm_Dumbbell_Side_Plank_Reach_Through_;Advanced;Abdominals
Ab_Wheel_Kneeling_Rollout;Novice;Abdominals
Cable_Seated_Crunch;Novice;Abdominals
Cable_Kneeling_Crunch;Novice;Abdominals
Medicine_Ball_V-Up;Novice;Abdominals
Suspension_Knee_Tuck;Novice;Abdominals
Suspension_Lateral_Knee_Tuck;Intermediate;Abdominals
Push_Up_Alternating_Kick_Through;Intermediate;Chest
Single_Arm_Dumbbell_Turkish_Get_Up;Intermediate;Abdominals
Bear_Crawl;Novice;Abdominals
Stability_Ball_Knee_Tuck;Novice;Abdominals
Ring_Hanging_Leg_Raise_;Advanced;Abdominals
Parallette_L_Sit;Advanced;Abdominals
Standing_Walkout_Plank;Intermediate;Abdominals
Standing_Walkout_Push-Up_;Intermediate;Chest
Barbell_Climb;Expert;Abdominals
Ipsilateral_Bird_Dog;Expert;Abdominals
Copenhagen_Plank_Knee_to_Elbow;Expert;Adductors
Ring_Dead_Hang;Beginner;Back
Suspension_Archer_Row_;Novice;Shoulders
Suspension_Alternating_Archer_Row_Hold_;Novice;Shoulders
Ring_Pull_Up_Eccentrics_;Novice;Back
Ring_Pull_Up;Intermediate;Back
Ring_Chin_Up_Eccentrics_;Novice;Biceps
Miniband_Fire_Hydrant;Beginner;Glutes
Medicine_Ball_Russian_Twist;Novice;Abdominals
Side_Plank;Novice;Abdominals
Cable_Reverse_Ankle_Strap_Crunch;Intermediate;Abdominals
Cable_Half_Kneeling_High_to_Low_Chop;Intermediate;Abdominals
Cable_Half_Kneeling_Low_to_High_Chop;Intermediate;Abdominals
Kettlebell_Half_Kneeling_Low_to_High_Chop;Intermediate;Abdominals
Cable_Standing_High_to_Low_Chop_;Intermediate;Abdominals
Cable_Standing_Low_to_High_Chop;Intermediate;Abdominals
Single_Arm_Dumbbell_Windmill;Intermediate;Abdominals
Single_Arm_Kettlebell_Windmill;Intermediate;Abdominals
Kettlebell_Russian_Twist;Novice;Abdominals
Feet_On_Wall_Mountain_Climber_;Expert;Abdominals
Alternating_Single_Arm_Kettlebell_Plank_Pull_Through;Intermediate;Abdominals
Hollow_Body_Hold;Intermediate;Abdominals
Dumbbell_Crush_Grip_Hollow_Body_Hold;Intermediate;Abdominals
Inverted_Hanging_Crunch;Expert;Abdominals
Inverted_Hanging_Oblique_Crunch;Expert;Abdominals
Single_Arm_Kettlebell_Single_Leg_Standing_Bent_Knee_Around_The_World_;Intermediate;Abdominals
Supine_Alternating_Single_Leg_Raise;Beginner;Abdominals
Supine_Leg_Raise;Novice;Abdominals
Miniband_Bicycle_Crunch;Novice;Abdominals
Side_Plank_Reach_Through;Novice;Abdominals
Sit_Up;Novice;Abdominals
Butterfly_Sit_Up;Intermediate;Abdominals
Slider_Mountain_Climber;Novice;Abdominals
Slider_Pike_;Advanced;Abdominals
Stability_Ball_Pike;Advanced;Abdominals
Slider_Wide_Mountain_Climber;Intermediate;Abdominals
Stability_Ball_Crunch;Beginner;Abdominals
Stability_Ball_Feet_Elevated_Oblique_Crunch;Beginner;Abdominals
Stability_Ball_Kneeling_Rollout;Beginner;Abdominals
Stability_Ball_Single_Leg_Knee_Tuck;Advanced;Abdominals
Stability_Ball_Single_Leg_Pike;Expert;Abdominals
Parallette_Kneeling_Push_Up;Novice;Chest
Single_Arm_Kettlebell_Swing;Novice;Glutes
Dumbbell_Romanian_Deadlift;Beginner;Hamstrings
Single_Arm_Dumbbell_Side_Plank;Intermediate;Abdominals
Single_Leg_Glute_Bridge;Novice;Glutes
Dumbbell_Glute_Bridge;Beginner;Glutes
Glute_Bridge_Alternating_Single_Leg_Extension;Beginner;Glutes
Miniband_Side_Lying_Clamshell;Beginner;Glutes
Miniband_Side_Lying_Hip_Abduction;Beginner;Abductors
Miniband_Bench_Seated_Hip_Abduction;Beginner;Abductors
Miniband_Glute_Bridge_With_Hip_Abduction;Beginner;Glutes
Stability_Ball_Hip_Thrust;Beginner;Glutes
Stability_Ball_Dumbbell_Hip_Thrust;Beginner;Glutes
Bodyweight_Frog_Pump;Beginner;Glutes
Dumbbell_Frog_Pump;Beginner;Glutes
Cable_Glute_Kickback;Novice;Glutes
Foot_Elevated_Single_Leg_Glute_Bridge;Novice;Glutes
Suspension_Glute_Bridge;Novice;Glutes
Miniband_Thigh_Lateral_Walk;Beginner;Abductors
Miniband_Shin_Lateral_Walk;Novice;Abductors
Miniband_Feet_Lateral_Walk;Intermediate;Abductors
Miniband_Standing_Glute_Kickback;Novice;Glutes
Barbell_Hip_Thrust;Novice;Glutes
Barbell_Single_Leg_Hip_Thrust;Intermediate;Glutes
Stability_Ball_Single_Leg_Glute_Bridge;Intermediate;Glutes
Miniband_Standing_Hip_Abduction;Novice;Abductors
Miniband_3-Way_Cha_Cha;Beginner;Abductors
Barbell_Standing_Calf_Raise;Intermediate;Calves
Cable_Hip_Abduction;Novice;Abductors
Miniband_Wall_Sit_Hip_Abduction;Novice;Quadriceps
Barbell_Overhead_Adductor_Slide;Intermediate;Adductors
Stability_Ball_T's_Y's_I's_;Beginner;Shoulders
Resistance_Band_Standing_Reverse_Fly;Beginner;Shoulders
Resistance_Band_Lateral_Raise;Beginner;Shoulders
Dumbbell_Lateral_Raise;Beginner;Shoulders
Single_Arm_Resistance_Band_Standing_Shoulder_External_Rotation;Beginner;Shoulders
Dumbbell_Seated_Lateral_Raise;Beginner;Shoulders
Pike_Push_Up;Intermediate;Shoulders
Single_Arm_Dumbbell_Side_Lying_Shoulder_External_Rotation;Beginner;Shoulders
Single_Arm_Dumbbell_Seated_Shoulder_External_Rotation;Novice;Shoulders
Miniband_Standing_Shoulder_External_Rotation;Beginner;Shoulders
Dumbbell_Seated_Cuban_Rotation;Novice;Shoulders
Dumbbell_Standing_Cuban_Rotation;Novice;Shoulders
Single_Arm_Cable_Half_Kneeling_Shoulder_External_Rotation_90_Degrees;Novice;Shoulders
Single_Arm_Dumbbell_Side_Lying_Shoulder_Internal_Rotation;Beginner;Shoulders
Parallette_Feet_Elevated_Pike_Push_Up_;Intermediate;Shoulders
Barbell_Thruster;Intermediate;Shoulders
Parallette_Wall_Supported_Handstand_Push_Up;Expert;Shoulders
Barbell_Sots_Press;Intermediate;Shoulders
Single_Arm_Dumbbell_V_Sit_Shoulder_Press_;Intermediate;Shoulders
Dumbbell_Z_Press;Intermediate;Shoulders
Single_Arm_Dumbbell_Z_Press;Intermediate;Shoulders
Stability_Ball_Dumbbell_Arnold_Press;Beginner;Shoulders
Single_Arm_Dumbbell_Half_Kneeling_Overhead_Press;Novice;Shoulders
Single_Arm_Cable_Lateral_Raise;Novice;Shoulders
Dumbbell_Thruster;Novice;Shoulders
Single_Arm_Dumbbell_Thruster;Novice;Shoulders
Parallette_Handstand_Push_Up;Master;Shoulders
Dumbbell_Seated_Overhead_Press;Beginner;Shoulders
Dumbbell_Overhead_Press;Beginner;Shoulders
Single_Arm_Dumbbell_Overhead_Carry;Intermediate;Shoulders
Freestanding_Handstand_Push_Up;Master;Shoulders
Barbell_Shrug;Novice;Trapezius
Dumbbell_Shrug;Beginner;Trapezius
Cable_Standing_Face_Pull;Novice;Shoulders
Cable_Seated_Face_Pull;Novice;Shoulders
Dumbbell_Standing_Scaption;Beginner;Shoulders
Dumbbell_Seated_Scaption;Beginner;Shoulders
Stability_Ball_Dumbbell_Seated_Scaption;Beginner;Shoulders
Cable_Standing_Knee_Strap_Hip_External_Rotation_(90_Degrees);Novice;Glutes
Cable_Hip_External_Rotation;Novice;Glutes
Dumbbell_Bicep_Curl;Beginner;Biceps
Dumbbell_Alternating_Bicep_Curl;Beginner;Biceps
Dumbbell_Alternating_Hammer_Curl;Beginner;Biceps
Dumbbell_Alternating_Cross_Body_Hammer_Curl;Beginner;Biceps
Cable_Guillotine_Curl;Novice;Biceps
Cable_Supine_Bicep_Curl;Novice;Biceps
Single_Arm_Dumbbell_Incline_Bench_Preacher_Curl;Beginner;Biceps
Dumbbell_Crush_Grip_Bicep_Curl;Beginner;Biceps
Dumbbell_Zottman_Curl;Beginner;Biceps
Dumbbell_Waiter_Curl;Beginner;Biceps
High_Cable_Straight_Bar_Bicep_Curl;Novice;Biceps
Cable_Straight_Bar_Drag_Curl;Beginner;Biceps
Dumbbell_Spider_Curl;Novice;Biceps
EZ_Bar_Spider_Curl;Novice;Biceps
Parallette_Side_Plank;Intermediate;Abdominals
Parallette_Feet_Elevated_Push_Up;Intermediate;Chest
Parallette_Side_Plank_Reach_Through;Intermediate;Abdominals
Parallette_Plank_Single_Arm_Dumbbell_Row;Intermediate;Back
Stability_Ball_Cable_Preacher_Curl;Novice;Biceps
Single_Arm_Dumbbell_Standing_Concentration_Curl;Novice;Biceps
Reverse_Barbell_Curl;Novice;Forearms
EZ_Bar_Standing_Bicep_Curl;Novice;Biceps
Cable_Rope_Hammer_Curl;Beginner;Biceps
Single_Arm_Cable_Standing_High_Bicep_Curl;Novice;Biceps
Suspension_Bicep_Curl;Beginner;Biceps
Dumbbell_Standing_Tricep_Kickback;Beginner;Triceps
EZ_Bar_Seated_Overhead_Tricep_Extension;Novice;Triceps
EZ_Bar_Standing_Overhead_Tricep_Extension;Novice;Triceps
Dumbbell_Seated_Overhead_Tricep_Extension;Beginner;Triceps
Dumbbell_Standing_Overhead_Tricep_Extension;Beginner;Triceps
Diamond_Push_Up;Novice;Triceps
Dumbbell_Close_Grip_Floor_Chest_Press;Beginner;Triceps
Dumbbell_Close_Grip_Bench_Press;Beginner;Triceps
Dumbbell_Close_Grip_Incline_Bench_Press;Beginner;Triceps
EZ_Bar_Lying_Tricep_Extension_;Novice;Triceps
Stability_Ball_Feet_Elevated_Diamond_Push_Up;Novice;Triceps
Bodyweight_Tricep_Extension;Intermediate;Triceps
Cable_Rope_Standing_Overhead_Tricep_Extension;Novice;Triceps
Cable_Rope_Standing_Tricep_Pushdown_;Beginner;Triceps
Ring_Dips;Advanced;Triceps
Single_Arm_Cable_Reverse_Tricep_Pulldown;Novice;Triceps
Dumbbell_Suitcase_Carry;Beginner;Forearms
Barbell_Seated_Wrist_Curl;Intermediate;Forearms
EZ_Bar_Reverse_Grip_Bicep_Curl;Novice;Forearms
Incline_Push_Up;Beginner;Chest
Kneeling_Push_Up;Beginner;Chest
Suspension_Chest_Press;Beginner;Chest
Suspension_Chest_Fly;Beginner;Chest
Dumbbell_Glute_Bridge_Chest_Press;Novice;Chest
Stability_Ball_Single_Arm_Dumbbell_Chest_Press;Novice;Chest
Stability_Ball_Dumbbell_Chest_Fly;Beginner;Chest
Burpee;Intermediate;Chest
Dumbbell_Devil_Press;Advanced;Shoulders
Alternating_Single_Arm_Dumbbell_Devil_Press;Advanced;Shoulders
Single_Arm_Dumbbell_Hollow_Body_Chest_Press;Intermediate;Chest
Plyometric_Push_Up_On_Weight_Plates;Intermediate;Chest
Stability_Ball_Dumbbell_Pullover_;Beginner;Chest
Dumbbell_Incline_Bench_Chest_Fly;Beginner;Chest
Single_Arm_Push_Up;Advanced;Chest
Aztec_Push_Up;Advanced;Chest
Single_Arm_Ring_Grip_Push_Up;Master;Chest
Rolling_Squat_Burpee;Advanced;Chest
Ring_Grip_Push_Up;Expert;Chest
Suspension_Low_Row;Beginner;Back
Suspension_Mid_Row;Beginner;Back
Suspension_Face_Pull;Novice;Shoulders
Cable_Seated_V_Grip_Low_Row;Beginner;Back
Landmine_V_Grip_Row;Novice;Back
Single_Arm_Landmine_Row;Novice;Back
Single_Arm_Kettlebell_Bent_Over_Row;Novice;Back
Double_Kettlebell_Gorilla_Row;Novice;Back
Superband_Assisted_Wide_Grip_Pull_Up;Novice;Back
Resistance_Band_Half_Kneeling_Face_Pull;Novice;Shoulders
Single_Arm_Dumbbell_Single_Leg_Contralateral_Bent_Over_Row;Intermediate;Back
Stability_Ball_Prone_Cobra;Novice;Back
Prone_Cobra;Beginner;Back
Dumbbell_Pendlay_Row;Novice;Back
Dumbbell_Single_Leg_Row;Intermediate;Back
Cable_Straight_Bar_Pullover;Novice;Back
Single_Arm_Dumbbell_Bird_Dog_Row;Intermediate;Back
Single_Arm_Cable_Half_Kneeling_Lat_Pulldown;Novice;Back
Single_Arm_Cable_Half_Kneeling_Low_Row;Novice;Back
Single_Arm_Suspension_Row;Novice;Back
Single_Arm_Dumbbell_Suitcase_Deadlift;Novice;Back
Single_Arm_Kettlebell_Suitcase_Deadlift;Novice;Back
Dumbbell_Incline_Bench_Prone_Row;Novice;Back
Ring_Archer_Pull_Up;Advanced;Back
Dumbbell_Renegade_Row_;Intermediate;Back
Barbell_Conventional_Deadlift;Novice;Back
Barbell_Sumo_Deadlift;Novice;Back
Barbell_Rack_Pull;Novice;Back
Barbell_Snatch_Grip_Deadlift;Intermediate;Back
Barbell_Pendlay_Row;Novice;Back
Stability_Ball_Hyperextension;Novice;Back
Barbell_Seated_Good_Morning_;Intermediate;Back
Barbell_Good_Morning;Intermediate;Back
Wall_Sit_;Beginner;Quadriceps
Wall_Slide_Squat;Beginner;Quadriceps
Stability_Ball_Wall_Slide_Squat;Beginner;Quadriceps
Suspension_Squat;Beginner;Quadriceps
Suspension_Alternating_Reverse_Lunge;Beginner;Quadriceps
Bodyweight_Squat_to_Bench;Beginner;Quadriceps
Bodyweight_Squat;Beginner;Quadriceps
Assisted_Bodyweight_Split_Squat;Beginner;Quadriceps
Bodyweight_Walking_Lunge;Beginner;Quadriceps
Dumbbell_Goblet_Squat_;Beginner;Quadriceps
Miniband_Romanian_Deadlift;Beginner;Hamstrings
Superband_Resisted_Skater_Jump;Novice;Abductors
Cable_Prone_Single_Leg_Hamstring_Curl;Novice;Hamstrings
Candlestick_Roll_Up_Tuck_Jump;Intermediate;Glutes
Barbell_Bench_Press;Novice;Chest
Barbell_Bicep_Curl;Novice;Biceps
Barbell_Block_Pull_Deadlift;Novice;Back
Barbell_Box_Pause_Back_Squat;Novice;Quadriceps
Barbell_Deficit_Deadlift;Intermediate;Back
Barbell_Front_Squat;Intermediate;Quadriceps
Barbell_Glute_Bridge;Novice;Glutes
Barbell_Halting_Deadlift;Novice;Back
Barbell_High_Bar_Back_Squat;Novice;Quadriceps
Barbell_Low_Bar_Back_Squat;Intermediate;Glutes
Barbell_Overhead_Press;Novice;Shoulders
Barbell_Power_Clean;Expert;Glutes
Barbell_Power_Snatch;Expert;Glutes
Barbell_Push_Press;Novice;Shoulders
Barbell_Romanian_Deadlift;Novice;Hamstrings
Barbell_Row;Novice;Back
Barbell_Back_Rack_Split_Squat;Novice;Quadriceps
Barbell_Stiff_Legged_Deadlift;Novice;Hamstrings
Barbell_Sumo_Squat;Novice;Glutes
Bodyweight_Pistol_Squat;Expert;Glutes
Bodyweight_Skater_Squat;Intermediate;Glutes
Cable_Pull_Through;Beginner;Glutes
Dumbbell_Suitcase_Bulgarian_Split_Squat;Novice;Quadriceps
Single_Arm_Dumbbell_Contralateral_Overhead_Step_Up;Intermediate;Quadriceps
Dumbbell_Suitcase_Deficit_Split_Squat;Novice;Quadriceps
Dumbbell_Suitcase_Alternating_Forward_Lunge;Novice;Quadriceps
Dumbbell_Suitcase_Alternating_Reverse_Lunge;Novice;Quadriceps
Dumbbell_Seated_Reverse_Fly;Beginner;Shoulders
Dumbbell_Suitcase_Split_Squat;Novice;Quadriceps
Dumbbell_Suitcase_Box_Step_Up;Novice;Quadriceps
Face_the_Wall_Squat;Beginner;Quadriceps
Feet_Elevated_Glute_Bridge;Novice;Glutes
Single_Arm_Kettlebell_Clean;Intermediate;Glutes
Single_Arm_Kettlebell_Clean_to_Overhead_Press;Intermediate;Shoulders
Kettlebell_Alternating_Halo;Novice;Shoulders
Single_Arm_Kettlebell_Overhead_Press;Novice;Shoulders
Single_Arm_Kettlebell_Snatch;Intermediate;Shoulders
Kettlebell_Sumo_Deadlift;Beginner;Back
Single_Arm_Kettlebell_Turkish_Get_Up;Intermediate;Abdominals
Miniband_Monster_Walk;Beginner;Abductors
Quadruped_Hip_Extension;Beginner;Glutes
Suspension_Pistol_Squat;Intermediate;Quadriceps
Suspension_Skater_Squat;Novice;Quadriceps
Tuck_Jump;Novice;Quadriceps
Alternating_Single_Leg_Wall_Sit;Novice;Quadriceps
Single_Leg_Romanian_Deadlift_Jump;Intermediate;Hamstrings
Double_Dumbbell_Overhead_Walking_Lunge;Intermediate;Quadriceps
Stability_Ball_Overhead_Walking_Lunge;Beginner;Quadriceps
Stability_Ball_Dumbbell_Suitcase_Bulgarian_Split_Squat;Intermediate;Quadriceps
Bodyweight_Leg_Extension;Novice;Quadriceps
Lateral_Bench_Jump;Novice;Glutes
Single_Arm_Dumbbell_Front_Rack_Squat;Novice;Quadriceps
Skater_Jump;Novice;Abductors
Slider_Single_Arm_Dumbbell_Front_Rack_Reverse_Lunge;Intermediate;Quadriceps
Cable_Prone_Hamstring_Curl;Novice;Hamstrings
Bulgarian_Split_Squat_Jumps;Intermediate;Quadriceps
Cable_Standing_Single_Leg_Hamstring_Curl;Novice;Hamstrings
Nordic_Hamstring_Curl;Advanced;Hamstrings
Superband_Assisted_Pistol_Squat;Intermediate;Quadriceps
Kettlebell_Goblet_Squat;Beginner;Quadriceps
Dumbbell_Front_Squat;Beginner;Quadriceps
Dumbbell_Suitcase_Walking_Lunge;Novice;Quadriceps
Barbell_Back_Rack_Walking_Lunge;Intermediate;Quadriceps
Box_Pistol_Squat;Novice;Quadriceps
Barbell_Overhead_Squat;Intermediate;Quadriceps
Single_Arm_Kettlebell_Overhead_Squat;Intermediate;Quadriceps
Landmine_Goblet_Squat;Novice;Quadriceps
Stability_Ball_Hamstring_Curl;Novice;Hamstrings
Slider_Hamstring_Curl;Novice;Hamstrings
Hamstring_Walkout_;Novice;Hamstrings
Slider_Dumbbell_Goblet_Reverse_Lunge;Novice;Quadriceps
Dragon_Pistol_Squat;Expert;Quadriceps
Single_Arm_Dumbbell_Front_Rack_Cossack_Squat_to_Overhead_Press;Intermediate;Shoulders
Stability_Ball_Single_Leg_Hamstring_Curl;Intermediate;Hamstrings
Barbell_Single_Leg_Romanian_Deadlift;Intermediate;Hamstrings
Dumbbell_Suitcase_Lateral_Lunge;Novice;Quadriceps
Barbell_Frankenstein_Walking_Lunge;Expert;Quadriceps
Barbell_Overhead_Walking_Lunge;Expert;Quadriceps
Barbell_Overhead_Lateral_Lunge;Expert;Quadriceps
Barbell_Squat_Clean;Expert;Quadriceps
Landmine_Clean_and_Jerk;Expert;Shoulders
Landmine_Hack_Squat;Intermediate;Quadriceps
Single_Arm_Landmine_Shoulder_Press;Intermediate;Shoulders
Alternating_Single_Arm_Landmine_Shoulder_Press;Intermediate;Shoulders
Single_Arm_Landmine_Half_Kneeling_Shoulder_Press;Intermediate;Shoulders
Single_Arm_Landmine_Tall_Kneeling_Shoulder_Press;Intermediate;Shoulders
Single_Arm_Landmine_Meadows_Row;Novice;Back
Single_Arm_Landmine_Z_Press;Intermediate;Shoulders
Barbell_Z_Press;Intermediate;Shoulders
Landmine_Half_Kneeling_Oblique_Twist_;Intermediate;Abdominals
Cable_Seated_Bicep_Curl;Novice;Biceps
Single_Arm_Dumbbell_Seated_Concentration_Curl;Beginner;Biceps
Dumbbell_Incline_Bench_Alternating_Bicep_Curl;Beginner;Biceps
Single_Arm_Suspension_Bicep_Curl;Intermediate;Biceps
Stability_Ball_Single_Arm_Plank;Expert;Abdominals
Stability_Ball_Feet_Elevated_Single_Arm_Plank;Expert;Abdominals
Landmine_Zercher_Skater_Squat;Intermediate;Quadriceps
Landmine_Reverse_Lunge_to_Single_Arm_Shoulder_Press;Intermediate;Shoulders
Landmine_Thruster;Novice;Shoulders
Landmine_Romanian_Deadlift;Novice;Hamstrings
Landmine_Single_Leg_Romanian_Deadlift;Intermediate;Hamstrings
Landmine_Tall_Kneeling_Oblique_Twist;Intermediate;Abdominals
Landmine_Russian_Twist;Intermediate;Abdominals
Single_Arm_Landmine_Thruster;Intermediate;Shoulders
Landmine_Calf_Raise;Novice;Calves
Cable_Tall_Kneeling_Overhead_Tricep_Extension_;Novice;Triceps
Cable_Rope_Skullcrusher;Novice;Triceps
Barbell_Clean_to_Overhead_Press;Expert;Shoulders
Single_Arm_Dumbbell_Seated_Cuban_Press;Novice;Shoulders
Landmine_Zercher_Curtsy_Lunge;Intermediate;Quadriceps
Barbell_Back_Rack_Alternating_Cossack_Squat;Intermediate;Quadriceps
Barbell_Front_Rack_Alternating_Cossack_Squat;Intermediate;Quadriceps
Kettlebell_Goblet_Alternating_Cossack_Squat;Novice;Quadriceps
Dumbbell_Goblet_Alternating_Cossack_Squat;Novice;Quadriceps
Bodyweight_Alternating_Cossack_Squat;Beginner;Quadriceps
Bodyweight_Knee_Over_Toes_Split_Squat_;Beginner;Quadriceps
Barbell_Back_Rack_Knee_Over_Toes_Split_Squat;Intermediate;Quadriceps
Barbell_Front_Rack_Knee_Over_Toes_Split_Squat;Intermediate;Quadriceps
Barbell_Overhead_Knee_Over_Toes_Split_Squat;Advanced;Quadriceps
Single_Arm_Barbell_Overhead_Press;Expert;Shoulders
Barbell_Single_Leg_Bent_Knee_Bicep_Curl;Expert;Biceps
Slider_Knee_Tuck;Novice;Abdominals
Wall_Facing_Handstand;Novice;Shoulders
Freestanding_Handstand_;Advanced;Shoulders
Suspension_Atomic_Push_Up;Intermediate;Chest
Suspension_Pike;Intermediate;Abdominals
Suspension_Side_Plank_Reach_Through;Advanced;Abdominals
Cocoon_Crunch;Intermediate;Abdominals
Ab_Wheel_Standing_Rollout;Expert;Abdominals
Cable_Fire_Hydrant;Novice;Glutes
Cable_Tall_Kneeling_Pull_Through;Novice;Glutes
Stability_Ball_Bent_Knee_Reverse_Hyperextension;Novice;Glutes
Bent_Knee_Reverse_Hyperextension_on_Bench;Novice;Glutes
Parallette_Tuck_L_Sit;Intermediate;Abdominals
Parallette_Close_Grip_Push_Up;Intermediate;Triceps
Parallette_Feet_Elevated_Close_Grip_Tricep_Push_Up;Intermediate;Chest
Parallette_Single_Leg_L_Sit;Intermediate;Abdominals
Stability_Ball_Bottoms_Up;Intermediate;Abdominals
Stability_Ball_Windshield_Wiper;Novice;Abdominals
Stability_Ball_Tall_Kneeling_Balance;Intermediate;Abdominals
Stability_Ball_Oblique_Crunch_;Beginner;Abdominals
Stability_Ball_Elbow_Plank;Novice;Abdominals
Double_Kettlebell_Feet_Elevated_Push_Up;Intermediate;Chest
Single_Arm_Kettlebell_Turkish_Sit_Up;Intermediate;Abdominals
Single_Arm_Dumbbell_Turkish_Sit_Up;Intermediate;Abdominals
Single_Arm_Landmine_Turkish_Sit_Up;Intermediate;Abdominals
Double_Kettlebell_Turkish_Sit_Up;Intermediate;Abdominals
Double_Dumbbell_Turkish_Sit_Up;Intermediate;Abdominals
Double_Kettlebell_Turkish_Sit_Up_to_Z_Press;Intermediate;Abdominals
Double_Kettlebell_Front_Rack_Alternating_Cossack_Squat;Novice;Quadriceps
Double_Dumbbell_Front_Rack_Alternating_Cossack_Squat;Novice;Quadriceps
Double_Kettlebell_Swing;Intermediate;Glutes
Double_Kettlebell_Front_Rack_Squat;Novice;Quadriceps
Single_Arm_Kettlebell_Front_Rack_Squat;Novice;Quadriceps
Single_Arm_Kettlebell_Front_Rack_Contralateral_Split_Squat;Novice;Quadriceps
Single_Arm_Kettlebell_Front_Rack_Carry;Novice;Abdominals
Single_Arm_Kettlebell_Front_Rack_Alternating_Cossack_Squat;Novice;Quadriceps
Single_Arm_Kettlebell_Squat_Clean;Intermediate;Glutes
Stability_Ball_Feet_Elevated_Parallette_Push_Up;Intermediate;Chest
Stability_Ball_Feet_Elevated_Parallette_Plank;Novice;Abdominals
Stability_Ball_Feet_Elevated_Single_Arm_Parallette_Plank;Advanced;Abdominals
Stability_Ball_Feet_Elevated_Alternating_Single_Arm_Parallette_Plank;Expert;Abdominals
Archer_Push_Up;Intermediate;Chest
Parallette_Archer_Push_Up;Intermediate;Chest
Parallette_Wide_Push_Up;Novice;Chest
Dumbbell_Suitcase_Knee_Over_Toes_Split_Squat;Novice;Quadriceps
Dumbbell_Alternating_Front_Raise;Beginner;Shoulders
Barbell_Front_Raise;Novice;Shoulders
Single_Arm_Cable_Front_Raise;Novice;Shoulders
Cable_Straight_Bar_Front_Raise;Novice;Shoulders
Cable_Half_Kneeling_Pallof_Press;Novice;Abdominals
Kettlebell_Bottoms_Up_Horn_Grip_Standing_Bicep_Curl;Novice;Biceps
Single_Arm_Kettlebell_Bottoms_Up_Front_Rack_Carry;Novice;Abdominals
Double_Kettlebell_Bottoms_Up_Front_Rack_Carry;Intermediate;Abdominals
Double_Kettlebell_Bottoms_Up_Overhead_Walking_Lunge;Intermediate;Quadriceps
Single_Arm_Kettlebell_Bottoms_Up_Front_Rack_Walking_Lunge;Intermediate;Quadriceps
Single_Arm_Kettlebell_Half_Kneeling_Contralateral_Bottoms_Up_Overhead_Press;Intermediate;Shoulders
Barbell_Kneeling_Rollout;Intermediate;Abdominals
Barbell_Close_Grip_Bench_Press;Novice;Triceps
Single_Arm_Suspension_Chest_Press;Intermediate;Chest
Cable_Tall_Kneeling_Pallof_Press;Novice;Abdominals
Single_Arm_Cable_Bicep_Curl;Novice;Biceps
Cable_Reverse_Straight_Bar_Curl;Novice;Forearms
Single_Arm_Cable_Shotgun_Row;Novice;Back
Barbell_Hang_Power_Clean;Intermediate;Glutes
Landmine_Goblet_Alternating_Cossack_Squat;Intermediate;Quadriceps
Landmine_Low_Hold_Alternating_Cossack_Squat;Intermediate;Quadriceps
Ring_Shoulder_Stand;Expert;Shoulders
Ring_Strap_Handstand;Expert;Shoulders
Ring_Handstand;Expert;Shoulders
Pike_Headstand_Push_Up;Intermediate;Shoulders
Feet_Elevated_Pike_Headstand_Push_Up;Intermediate;Shoulders
Wall_Headstand_Push_Up;Expert;Shoulders
Freestanding_Headstand_Push_Up;Expert;Shoulders
Ring_Bulgarian_Handstand_Push_Up;Master;Shoulders
Ring_Strap_Handstand_Push_Up;Expert;Shoulders
Ring_Freestanding_Handstand_Push_Up;Master;Shoulders
Bent_Arm_Press_Handstand;Master;Shoulders
Parallette_L_Sit_to_Bent_Arm_Press_Handstand;Master;Shoulders
Chest_Roll_to_Straight_Body_Press_Handstand;Master;Shoulders
Ring_Bent_Arm_Bent_Body_Press_Handstand;Master;Shoulders
Ring_Dip_to_Handstand;Master;Triceps
Ring_Handstand_to_Elbow_Lever_to_Handstand;Master;Shoulders
Ring_Dip_Straight_Body_Press_to_Handstand;Master;Shoulders
Wall_Straddle_Press_Handstand_Eccentrics;Advanced;Shoulders
Straddle_Stand_Press_Handstand_;Expert;Shoulders
Pike_Stand_Press_Handstand;Expert;Shoulders
Parallette_L_Sit_Straddle_Press_Handstand;Expert;Shoulders
Parallette_L_Sit_Pike_Press_Handstand;Expert;Shoulders
Ring_Straight_Arm_L_Sit_Straddle_Press_Handstand;Master;Shoulders
Ring_Straight_Arm_Pike_Press_Handstand;Master;Shoulders
Tuck_L_Sit;Advanced;Abdominals
Parallette_Straddle_L_Sit;Advanced;Abdominals
Ring_Turned_Out_L_Sit;Expert;Abdominals
Ring_Skin_The_Cat;Advanced;Shoulders
Manna_;Grand_Master;Abdominals
Ring_Tuck_Back_Lever;Advanced;Abdominals
Ring_Advanced_Tuck_Back_Lever;Advanced;Abdominals
Ring_Straddle_Back_Lever;Advanced;Abdominals
Ring_1/2_Layout_Back_Lever;Advanced;Abdominals
Ring_1_Leg_Out_Back_Lever;Advanced;Abdominals
Ring_Full_Back_Lever;Expert;Abdominals
Ring_Back_Lever_Pullout;Master;Abdominals
Ring_German_Hang_Pullout;Master;Abdominals
Ring_Handstand_Lower_to_Back_Lever;Grand_Master;Abdominals
Ring_Tuck_Front_Lever;Advanced;Abdominals
Ring_Advanced_Tuck_Front_Lever;Advanced;Abdominals
Ring_Straddle_Front_Lever;Advanced;Abdominals
Ring_1/2_Layout_Front_Lever;Advanced;Abdominals
Ring_1_Leg_Out_Front_Lever;Advanced;Abdominals
Ring_Full_Front_Lever;Expert;Abdominals
Ring_Front_Lever_Pull_to_Inverted_Hang;Expert;Abdominals
Ring_Inverted_Hang;Advanced;Abdominals
Single_Arm_Barbell_Kneeling_Rollout;Expert;Abdominals
Single_Arm_Barbell_Standing_Rollout;Master;Abdominals
Ring_Circle_Front_Lever;Expert;Abdominals
Ring_Tuck_Front_Lever_Pull_Up;Expert;Back
Ring_Advanced_Tuck_Front_Lever_Pull_Up;Expert;Back
Ring_Straddle_Front_Lever_Pull_Up;Expert;Back
Ring_Dead_Hang_to_Front_Lever_Pull_Up;Master;Back
Ring_Full_Front_Lever_Pull_Up;Master;Back
Ring_Row_Feet_Elevated;Intermediate;Back
Ring_Bulgarian_Row_Feet_Elevated;Intermediate;Back
Ring_Archer_Row_Feet_Elevated;Intermediate;Back
Single_Arm_Ring_Row_Feet_Elevated_;Advanced;Back
Ring_L_Sit_Pull_Up;Advanced;Back
Ring_Bulgarian_Pull_Up;Advanced;Back
Ring_Bulgarian_L_Sit_Pull_Up;Advanced;Back
Ring_Plank;Novice;Abdominals
Single_Arm_Ring_Plank;Intermediate;Abdominals
Ring_Push_Up;Intermediate;Chest
Single_Arm_Ring_Push_Up;Expert;Chest
Ring_Support_Hold;Expert;Abdominals
Ring_Side_Plank;Advanced;Abdominals
Ring_L_Sit_Muscle_Up;Expert;Back
Ring_Strict_Muscle_Up;Expert;Back
Ring_Chest_Fly;Intermediate;Chest
Single_Arm_Barbell_Bicep_Curl;Advanced;Biceps
Hollow_Rock_;Intermediate;Abdominals
Single_Arm_Dumbbell_Power_Snatch;Intermediate;Glutes
Alternating_Single_Arm_Dumbbell_Power_Snatch;Intermediate;Glutes
Single_Arm_Dumbbell_Squat_Snatch;Intermediate;Glutes
Alternating_Single_Arm_Dumbbell_Squat_Snatch;Intermediate;Glutes
Single_Arm_Cable_Single_Leg_Romanian_Deadlift;Intermediate;Hamstrings
Double_Kettlebell_Single_Leg_Romanian_Deadlift_;Intermediate;Hamstrings
Double_Kettlebell_Romanian_Deadlift_;Beginner;Hamstrings
Single_Arm_Kettlebell_Single_Leg_Romanian_Deadlift;Intermediate;Hamstrings
Cable_Wide_Grip_Lat_Pulldown;Beginner;Back
Cable_Reverse_Grip_Lat_Pulldown;Beginner;Back
Cable_Seated_V_Grip_Lat_Pulldown;Beginner;Back
Cable_Half_Kneeling_Face_Pull;Novice;Shoulders
Single_Arm_Landmine_Half_Knee_Hover_Shoulder_Press;Expert;Shoulders
Dumbbell_Seated_Good_Morning;Novice;Back
Bodyweight_Hip_Thrust;Beginner;Glutes
Single_Arm_Kettlebell_Bottoms_Up_Overhead_Squat;Intermediate;Glutes
Stability_Ball_Dumbbell_Seated_Alternating_Lateral_Raise;Novice;Shoulders
Single_Arm_Dumbbell_Bench_Press;Novice;Chest
Dumbbell_Bench_Press;Beginner;Chest
Dumbbell_Incline_Bench_Press;Beginner;Chest
Stability_Ball_Dumbbell_W_Raise;Novice;Shoulders
Ring_Side_Plank_Reach_Through;Expert;Abdominals
Single_Arm_Dumbbell_Contralateral_Overhead_Bulgarian_Split_Squat;Intermediate;Quadriceps
Single_Arm_Dumbbell_Contralateral_Overhead_Knee_Over_Toes_Split_Squat;Intermediate;Quadriceps
Double_Kettlebell_Z_Press;Novice;Shoulders
Double_Kettlebell_Clean;Intermediate;Glutes
Double_Kettlebell_Snatch;Intermediate;Glutes
Double_Kettlebell_Push_Press;Novice;Shoulders
Double_Kettlebell_Split_Jerk;Intermediate;Shoulders
Double_Kettlebell_Clean_and_Jerk;Intermediate;Glutes
Double_Kettlebell_High_Pull;Intermediate;Shoulders
Double_Kettlebell_Sumo_Deadlift;Beginner;Back
Double_Kettlebell_Bent_Over_Row;Beginner;Back
Double_Kettlebell_Bottoms_Up_Front_Rack_Squat;Novice;Quadriceps
Double_Kettlebell_Front_Rack_Knee_Over_Toes_Split_Squat;Novice;Quadriceps
Double_Kettlebell_Overhead_Knee_Over_Toes_Split_Squat;Intermediate;Quadriceps
Double_Kettlebell_Thruster;Novice;Shoulders
Double_Kettlebell_Bottoms_Up_Front_Rack_Alternating_Cossack_Squat;Intermediate;Quadriceps
Double_Kettlebell_Bottoms_Up_Overhead_Alternating_Cossack_Squat;Advanced;Quadriceps
Double_Kettlebell_Tall_Kneeling_Overhead_Press;Novice;Shoulders
Double_Kettlebell_Front_Rack_Walking_Lunge;Novice;Quadriceps
Double_Kettlebell_Overhead_Walking_Lunge;Intermediate;Quadriceps
Double_Kettlebell_Alternating_Sots_Press;Novice;Shoulders
Double_Kettlebell_Shrug;Beginner;Trapezius_
Double_Kettlebell_Hang_Squat_Clean;Intermediate;Glutes
Double_Kettlebell_Hollow_Hold;Intermediate;Abdominals
Double_Kettlebell_Hollow_Hold_With_Flutter_Kick;Intermediate;Abdominals
Double_Kettlebell_Dead_Clean_to_Push_Press;Intermediate;Shoulders
Double_Kettlebell_Pendlay_Row;Novice;Back
Double_Kettlebell_Front_Rack_Split_Squat;Novice;Quadriceps
Double_Kettlebell_Front_Rack_Bulgarian_Split_Squat;Intermediate;Quadriceps
Double_Kettlebell_Overhead_Squat;Intermediate;Quadriceps
Double_Kettlebell_Half_Kneeling_Overhead_Press;Novice;Shoulders
Double_Kettlebell_Front_Rack_Cyclist_Squat;Intermediate;Quadriceps
Double_Kettlebell_Front_Rack_Reverse_Lunge;Novice;Quadriceps
Double_Kettlebell_Front_Rack_Step_Up;Novice;Quadriceps
Single_Arm_Kettlebell_Contralateral_Overhead_Knee_Over_Toes_Split_Squat;Intermediate;Quadriceps
Single_Arm_Kettlebell_Dead_Clean_to_Rotational_Overhead_Press;Intermediate;Shoulders
Single_Arm_Kettlebell_Rotational_Overhead_Press;Intermediate;Shoulders
Single_Arm_Kettlebell_Sumo_Deadlift;Novice;Glutes
Single_Arm_Kettlebell_Contralateral_Front_Rack_Knee_Over_Toes_Split_Squat;Intermediate;Quadriceps
Single_Arm_Kettlebell_Push_Press;Novice;Shoulders
Single_Arm_Kettlebell_Push_Jerk;Novice;Shoulders
Single_Arm_Kettlebell_Seated_Overhead_Press;Novice;Shoulders
Single_Arm_Kettlebell_Z_Press;Intermediate;Shoulders
Single_Arm_Kettlebell_Contralateral_Split_Squat_Thruster;Intermediate;Shoulders
Double_Kettlebell_Split_Squat_Thruster;Intermediate;Shoulders
Kettlebell_Swing;Novice;Glutes
Alternating_Single_Arm_Kettlebell_Swing;Intermediate;Glutes
Alternating_Single_Arm_Kettlebell_Clean;Intermediate;Glutes
Alternating_Single_Arm_Kettlebell_Snatch;Intermediate;Glutes
Single_Arm_Kettlebell_Sots_Press;Intermediate;Shoulders
Single_Arm_Kettlebell_Bottoms_Up_Contralateral_Overhead_Knee_Over_Toes_Split_Squat;Intermediate;Quadriceps
Single_Arm_Kettlebell_Staggered_Stance_Swing;Intermediate;Glutes
Alternating_Single_Arm_Kettlebell_Staggered_Stance_Swing;Intermediate;Glutes
Single_Arm_Kettlebell_Half_Kneeling_Swing;Intermediate;Glutes
Single_Arm_Kettlebell_Half_Kneeling_Contralateral_Bottoms_Up_Press;Intermediate;Shoulders
Double_Kettlebell_Outside_Swing;Novice;Glutes
Double_Kettlebell_Outside_Snatch;Intermediate;Glutes
Double_Kettlebell_Outside_Clean;Intermediate;Glutes
Double_Kettlebell_Outside_Clean_and_Press;Intermediate;Shoulders
Single_Arm_Kettlebell_Side_Swing;Intermediate;Abdominals
Parallette_Push_Up_With_Alternating_Shoulder_Taps;Intermediate;Chest
Parallette_Tuck_Planche;Advanced;Abdominals
Parallette_Dive_Bomber_Push_Up;Intermediate;Chest
Dive_Bomber_Push_Up;Novice;Chest
Parallette_L_Sit_to_Tuck_Planche;Expert;Abdominals
Double_Dumbbell_Prone_Row;Novice;Back
Landmine_Standing_Oblique_Twist;Intermediate;Abdominals
Cable_Tall_Kneeling_High_to_Low_Chop;Intermediate;Abdominals
Single_Arm_Parallette_Plank;Intermediate;Abdominals
Single_Arm_Suspension_Plank;Intermediate;Abdominals
Battle_Rope_Russian_Twist;Novice;Abdominals
Bird_Dog_Knee_to_Elbow;Beginner;Abdominals
Slam_Ball_Russian_Twist_Feet_Elevated;Intermediate;Abdominals
Medicine_Ball_Russian_Twist_Feet_Elevated;Novice;Abdominals
Kettlebell_Feet_Elevated_Russian_Twist;Novice;Abdominals
Parallette_Plank_Alternating_Knee_to_Elbow;Novice;Abdominals
Forearm_Plank_Knee_to_Elbow;Intermediate;Abdominals
Loaded_Beast_to_Alternating_Kick_Through;Intermediate;Abdominals
Ring_False_Grip_Pull_Up;Expert;Back
Single_Arm_Kettlebell_Clean_to_Press_Windmill;Advanced;Abdominals
Single_Arm_Kettlebell_Half_Kneeling_Windmill;Advanced;Abdominals
Battle_Rope_Russian_Twist_Feet_Elevated;Intermediate;Abdominals
Superband_Dead_Bug;Novice;Abdominals
Parallette_V_Sit;Expert;Abdominals
Parallette_Tuck_V_Sit;Intermediate;Abdominals
Barbell_Staggered_Stance_Push_Press;Intermediate;Shoulders
Double_Kettlebell_Front_Rack_Skater_Squat;Expert;Quadriceps
Kettlebell_Goblet_Skater_Squat;Advanced;Quadriceps
Double_Kettlebell_Front_Rack_Pistol_Squat_to_Box;Intermediate;Quadriceps
Double_Kettlebell_Front_Rack_Pistol_Squat;Advanced;Quadriceps
Double_Kettlebell_Overhead_Alternating_Reverse_Lunge;Intermediate;Quadriceps
Superband_Standing_Pallof_Press;Beginner;Abdominals
Superband_Half_Kneeling_Pallof_Press;Novice;Abdominals
Superband_Hip_External_Rotation_(90_Degree);Novice;Glutes
Barbell_Prone_Row;Novice;Back
Dumbbell_Renegade_Row_Push_Up;Intermediate;Back
Single_Arm_Landmine_Row_to_Rotational_Press;Intermediate;Shoulders
Assisted_Skater_Squat;Novice;Quadriceps
Superband_Pull_Through;Beginner;Glutes
Miniband_Quadruped_Hip_Extension;Beginner;Glutes
Cable_Hip_Adduction;Novice;Adductors
Superband_Tall_Kneeling_Pallof_Press;Novice;Abdominals
Slider_Eccentric_Hamstring_Curl;Beginner;Hamstrings
Landmine_Lateral_Lunge;Novice;Quadriceps
Double_Kettlebell_Renegade_Row_;Intermediate;Back
Single_Arm_Dumbbell_Cuban_Press;Novice;Shoulders
Slider_Parallette_Knee_Tuck;Novice;Abdominals
Barbell_Supinated_Shoulder_Front_Raise;Intermediate;Shoulders
Ring_Pike_Feet_Elevated_Handstand_Push_Up;Advanced;Shoulders
Parallette_Straddle_Press_to_Handstand;Expert;Shoulders
Ring_L_Sit;Advanced;Abdominals
Ring_Tuck_Back_Lever_With_Alternating_Single_Leg_Extensions;Advanced;Abdominals
Ring_Tuck_Front_Lever_With_Alternating_Single_Leg_Extensions;Advanced;Abdominals
Single_Arm_Kettlebell_Hollow_Hold_With_Flutter_Kick;Intermediate;Abdominals
Single_Arm_Kettlebell_Front_Rack_Cyclist_Squat;Novice;Quadriceps
Barbell_Back_Cyclist_Squat;Intermediate;Quadriceps
Inverted_Crunch_With_Gravity_Boots;Advanced;Abdominals
Double_Kettlebell_Renegade_Row_Push_Up;Intermediate;Back
Single_Arm_Kettlebell_Bird_Dog_Row;Intermediate;Back
Barbell_Back_Rack_Step_Up;Intermediate;Quadriceps
Barbell_Front_Rack_Step_Up;Intermediate;Quadriceps
Barbell_Standing_Rollout;Advanced;Abdominals
Stability_Ball_Cable_Russian_Twist;Novice;Abdominals
Miniband_Frog_Pump;Beginner;Glutes
Miniband_Knee_Hover_Quadruped_Fire_Hydrant;Advanced;Glutes
Fire_Hydrant;Beginner;Glutes
Knee_Hover_Quadruped_Fire_Hydrant;Intermediate;Glutes
Barbell_Seated_Reverse_Wrist_Curl;Intermediate;Forearms
Seated_Wall_Angels;Beginner;Shoulders
Bent_Knee_Copenhagen_Plank_Side_Raise;Intermediate;Adductors
Kneeling_Side_Plank;Beginner;Abdominals
Assisted_Hip_Airplane;Novice;Glutes
Superband_Single_Leg_Ankle_Dorsiflexion;Beginner;
Barbell_Zercher_Squat;Advanced;Quadriceps
Barbell_Squat_Snatch;Expert;Glutes
Barbell_Push_Jerk;Intermediate;Glutes
Barbell_Clean_and_Jerk;Expert;Glutes
Barbell_Incline_Bench_Press;Novice;Chest
Barbell_Hang_Squat_Clean_Thruster;Advanced;Shoulders
Barbell_Squat_Clean_Thruster;Advanced;Shoulders
Copenhagen_Plank;Novice;Adductors
Bent_Knee_Copenhagen_Plank;Novice;Adductors
Parallette_Kneeling_Close_Grip_Tricep_Push_Up;Beginner;Triceps
Miniband_Single_Leg_Hip_Thrust;Novice;Glutes
Barbell_Deficit_Snatch_Grip_Deadlift;Intermediate;Back
Single_Arm_Ring_Chin_Up_Eccentrics;Expert;Biceps
Assisted_Foot_Elevated_Knee_Over_Toes_Split_Squat;Beginner;Quadriceps
Foot_Elevated_Knee_Over_Toes_Split_Squat;Beginner;Quadriceps
Double_Kettlebell_Clean_to_Overhead_Press;Intermediate;Shoulders
Single_Arm_Kettlebell_Bent_Leg_Windmill;Intermediate;Abdominals
Kettlebell_Alternating_Halo_to_Goblet_Squat;Intermediate;Shoulders
Single_Arm_Kettlebell_Half_Kneeling_Overhead_Press;Intermediate;Shoulders
Double_Kettlebell_Seesaw_Press;Intermediate;Shoulders
Single_Arm_Kettlebell_Side_to_Side_Swing;Intermediate;Abdominals
Single_Arm_Kettlebell_Half_Kneeling_Clean_to_Side_Press;Advanced;Shoulders
Parallette_Feet_Elevated_Pike_Push_Up;Advanced;Shoulders
Parallette_Handstand;Expert;Shoulders
Parallette_L_Sit_to_Handstand;Expert;Shoulders
Ring_Straddle_L_Sit;Expert;Abdominals
Parallette_Stalder_Press_to_Handstand;Master;Shoulders
Ring_Gironda_Sternum_Chin_Up;Expert;Biceps
Ring_Archer_Push_Up;Advanced;Chest
Single_Arm_Ring_Chin_Up;Master;Biceps
Ring_L_Sit_Archer_Pull_Up;Expert;Back
Alternating_Single_Arm_Parallette_Push_Up;Intermediate;Chest
Dumbbell_Incline_Bench_Prone_Y_Raise;Novice;Trapezius_
Single_Arm_Cable_Kneeling_Shoulder_External_Rotation;Novice;Shoulders
Suspension_Face_Pull_to_Overhead_Press;Novice;Shoulders
Superband_Assisted_Muscle_Up;Advanced;Back
Stability_Ball_Sit_Up;Beginner;Abdominals
Single_Arm_Kettlebell_Bottoms_Up_Turkish_Get_Up;Advanced;Abdominals
Single_Arm_Kettlebell_Thruster;Intermediate;Shoulders
Alternating_Double_Kettlebell_Thruster;Intermediate;Shoulders
Ring_Scapular_Pull_Up;Intermediate;Back
Side_Lying_Hip_Adduction;Beginner;Adductors
Superband_Hollow_Body_Hold;Intermediate;Abdominals
Suspension_Y_Raise;Beginner;Shoulders
Slider_Single_Leg_Eccentric_Hamstring_Curl_;Intermediate;Hamstrings
Barbell_Reverse_Grip_Bench_Press;Intermediate;Chest
Dumbbell_Reverse_Grip_Bench_Press;Novice;Chest
Side_Plank_Superband_Hanging_Adduction;Intermediate;Adductors
Single_Arm_Cable_Seated_Floor_Lat_Pulldown;Novice;Back
Single_Arm_Resistance_Band_Half_Kneeling_Cuban_Press;Novice;Shoulders
Stability_Ball_Feet_Elevated_Frog_Pump;Novice;Glutes
Stability_Ball_Feet_Elevated_Frog_Pump_With_Miniband;Novice;Glutes
Single_Arm_Kettlebell_Bottoms_Up_Clean_to_Overhead_Press;Intermediate;Shoulders
Barbell_Overhead_Cyclist_Squat;Advanced;Quadriceps
Barbell_Front_Rack_Cyclist_Squat;Intermediate;Quadriceps
Single_Arm_Kettlebell_Overhead_Cyclist_Squat;Intermediate;Quadriceps
Dumbbell_Cuban_Press;Novice;Shoulders
Barbell_Cyclist_Thruster;Intermediate;Shoulders
Single_Arm_Kettlebell_Tactical_Snatch;Advanced;Glutes
Alternating_Single_Arm_Landmine_Thruster;Intermediate;Shoulders
Single_Arm_Dumbbell_Cyclist_Thruster;Intermediate;Shoulders
Alternating_Single_Arm_Landmine_Cyclist_Thruster;Advanced;Shoulders
Barbell_Low_Bar_Cyclist_Squat;Intermediate;Quadriceps
Barbell_Low_Bar_Pause_Cyclist_Squat;Intermediate;Quadriceps
Single_Arm_Kettlebell_Snatch_to_Overhead_Reverse_Lunge;Advanced;Quadriceps
Double_Kettlebell_Snatch_to_Overhead_Reverse_Lunge;Advanced;Quadriceps
Single_Arm_Kettlebell_Clean_to_Front_Rack_Reverse_Lunge;Advanced;Quadriceps
Double_Kettlebell_Clean_to_Front_Rack_Reverse_Lunge;Intermediate;Quadriceps
Single_Arm_Kettlebell_Split_Jerk;Advanced;Quadriceps
Alternating_Single_Arm_Kettlebell_Split_Jerk;Advanced;Quadriceps
Kettlebell_Swing_to_Bottoms_Up_Horn_Grip_Goblet_Squat;Intermediate;Glutes
Double_Kettlebell_Bottoms_Up_Clean_to_Front_Rack_Squat;Advanced;Glutes
Double_Kettlebell_Bottoms_Up_Overhead_Squat;Advanced;Quadriceps
Double_Kettlebell_Bottoms_Up_Thruster;Intermediate;Shoulders
Single_Arm_Kettlebell_Bottoms_Up_Tactical_Snatch_;Advanced;Glutes
Single_Arm_Kettlebell_Bottoms_Up_Z_Press;Intermediate;Shoulders
Double_Kettlebell_Bottoms_Up_Z_Press;Intermediate;Shoulders
Double_Kettlebell_Sots_Press;Intermediate;Shoulders
Alternating_Double_Kettlebell_Sots_Press;Intermediate;Shoulders
Single_Arm_Kettlebell_Bottoms_Up_Sots_Press;Advanced;Shoulders
Double_Kettlebell_Bottoms_Up_Sots_Press;Advanced;Shoulders
Alternating_Double_Kettlebell_Bottoms_Up_Sots_Press;Advanced;Shoulders
Double_Kettlebell_Seesaw_Sots_Press;Intermediate;Shoulders
Double_Kettlebell_Bottoms_Up_Seesaw_Sots_Press;Advanced;Shoulders
Alternating_Double_Kettlebell_Z_Press;Novice;Shoulders
Double_Kettlebell_Seesaw_Z_Press;Novice;Shoulders
Double_Kettlebell_Bottoms_Up_Seesaw_Press;Intermediate;Shoulders
Double_Kettlebell_Bottoms_Up_Seesaw_Z_Press;Intermediate;Shoulders
Double_Kettlebell_Bottoms_Up_Snatch;Advanced;Glutes
Alternating_Single_Arm_Kettlebell_Bottoms_Up_Snatch;Advanced;Glutes
Alternating_Single_Arm_Kettlebell_Around_the_World_High_Catch;Intermediate;Abdominals
Alternating_Single_Arm_Kettlebell_Tall_Kneeling_Around_the_World_High_Catch;Intermediate;Abdominals
Single_Arm_Kettlebell_Around_the_World;Novice;Abdominals
Alternating_Single_Arm_Kettlebell_Around_the_World;Novice;Abdominals
Single_Arm_Kettlebell_Tall_Kneeling_Around_the_World;Novice;Abdominals
Alternating_Single_Arm_Tall_Kneeling_Around_the_World;Novice;Abdominals
Single_Arm_Kettlebell_Waiter_Clean;Advanced;Glutes
Single_Arm_Kettlebell_Waiter_Clean_Hot_Potato;Advanced;Glutes
Alternating_Single_Arm_Kettlebell_Waiter_Clean;Advanced;Glutes
Double_Kettlebell_Waiter_Clean;Advanced;Glutes
Kettlebell_Swing_to_Alternating_Single_Arm_Waiter_Hold;Advanced;Glutes
Double_Kettlebell_Waiter_Clean_to_Overhead_Press;Advanced;Glutes
Single_Arm_Kettlebell_Tactical_Waiter_Clean;Advanced;Glutes
Single_Arm_Kettlebell_Tactical_Waiter_Clean_to_Overhead_Press;Advanced;Glutes
Double_Kettlebell_Waiter_Clean_to_Alternating_Overhead_Press;Advanced;Glutes
Single_Arm_Kettlebell_Waiter_Snatch;Advanced;Glutes
Alternating_Single_Arm_Kettlebell_Waiter_Snatch;Advanced;Glutes
Single_Arm_Kettlebell_Tactical_Waiter_Snatch;Advanced;Glutes
Double_Kettlebell_Waiter_Snatch;Advanced;Glutes
Double_Kettlebell_Waiter_Clean_to_Thruster;Advanced;Shoulders
Kettlebell_Start_Stop_Swing;Novice;Glutes
Double_Kettlebell_Dead_Clean;Intermediate;Glutes
Single_Arm_Kettlebell_Half_Kneeling_Side_Press;Intermediate;Shoulders
Single_Arm_Kettlebell_Bottoms_Up_Thruster;Intermediate;Shoulders
Alternating_Double_Kettlebell_Bottoms_Up_Thruster;Intermediate;Shoulders
Single_Arm_Kettlebell_Dead_Clean;Intermediate;Glutes
Alternating_Single_Arm_Kettlebell_Dead_Clean;Intermediate;Glutes
Double_Kettlebell_Push_Up_to_L_Sit;Expert;Chest
Parallette_Push_Up_to_L_Sit;Advanced;Chest
Single_Arm_Kettlebell_Bottoms_Up_Half_Kneeling_Windmill;Advanced;Abdominals
Alternating_Single_Arm_Kettlebell_Half_Kneeling_Around_the_World_High_Catch;Intermediate;Abdominals
Single_Arm_Kettlebell_Start_Stop_Squat_Clean_Thruster;Intermediate;Shoulders
Alternating_Single_Arm_Kettlebell_Start_Stop_Squat_Clean_Thruster;Advanced;Shoulders
Double_Kettlebell_Start_Stop_Squat_Clean_Thruster;Intermediate;Shoulders
Barbell_Single_Leg_Standing_Bent_Knee_Overhead_Press;Expert;Shoulders
Single_Arm_Kettlebell_Bent_Press;Intermediate;Shoulders
Single_Arm_Barbell_Bent_Press;Advanced;Shoulders
Alternating_Single_Arm_Kettlebell_Around_the_World_High_Catch_to_Squat;Intermediate;Abdominals
Single_Arm_Kettlebell_Cossack_Squat_Thruster;Intermediate;Shoulders
Double_Kettlebell_Cossack_Squat_Thruster;Intermediate;Shoulders
Double_Kettlebell_Alternating_Cossack_Squat_Thruster;Intermediate;Shoulders
Alternating_Single_Arm_Kettlebell_Bottoms_Up_Clean_to_Overhead_Press;Intermediate;Shoulders
Double_Kettlebell_Bottoms_Up_Clean_to_Overhead_Press;Intermediate;Shoulders
Double_Kettlebell_Bottoms_Up_Overhead_Knee_Over_Toes_Split_Squat;Advanced;Quadriceps
Single_Arm_Kettlebell_Overhead_Knee_Over_Toes_Split_Squat;Intermediate;Quadriceps
Single_Arm_Kettlebell_Bottoms_Up_Overhead_Knee_Over_Toes_Split_Squat;Advanced;Quadriceps
Barbell_Overhead_Bulgarian_Split_Squat_;Advanced;Quadriceps
Barbell_Bulgarian_Split_Squat_Thruster;Advanced;Shoulders
Single_Arm_Barbell_Overhead_Bulgarian_Split_Squat_;Expert;Quadriceps
Single_Arm_Kettlebell_Swing_to_Bottoms_Up_Horn_Grip_Goblet_Squat;Intermediate;Glutes
Double_Kettlebell_Overhead_Pistol_Squat;Expert;Quadriceps
Double_Kettlebell_Bottoms_Up_Front_Rack_Pistol_Squat;Expert;Quadriceps
Double_Kettlebell_Bottoms_Up_Overhead_Pistol_Squat;Expert;Quadriceps
Standing_Wall_Angels;Beginner;Shoulders
Double_Kettlebell_Clean_to_Sots_Press;Intermediate;Shoulders
Double_Kettlebell_Bottoms_Up_Clean_to_Sots_Press;Advanced;Shoulders
Plate_Lu_Raise;Novice;Shoulders
Single_Arm_Plate_Windmill;Advanced;Abdominals
Single_Arm_Plate_Turkish_Get_Up;Advanced;Abdominals
Plate_Steering_Wheel;Novice;Shoulders
Kettlebell_Half_Kneeling_Alternating_Halo;Novice;Shoulders
Kettlebell_Tall_Kneeling_Alternating_Halo;Novice;Shoulders
Kettlebell_Tall_Kneeling_Alternating_Hip_to_Halo;Novice;Shoulders
Double_Kettlebell_Clean_to_Thruster;Intermediate;Shoulders
Double_Kettlebell_Single_Leg_Standing_Bent_Knee_Overhead_Press;Intermediate;Shoulders
Double_Kettlebell_Bottoms_Up_Single_Leg_Standing_Bent_Knee_Overhead_Press;Advanced;Shoulders
Single_Arm_Kettlebell_Single_Leg_Standing_Bent_Knee_Contralateral_Overhead_Press;Intermediate;Shoulders
Suspension_Single_Leg_Standing_Bent_Knee_Reverse_Fly;Intermediate;Shoulders
Suspension_Reverse_Fly;Beginner;Shoulders
Suspension_Single_Leg_Standing_Bent_Knee_Y_Raise;Intermediate;Shoulders
Suspension_Single_Leg_Standing_Bent_Knee_Face_Pull;Intermediate;Shoulders
Suspension_Single_Leg_Standing_Bent_Knee_Face_Pull_to_Overhead_Press;Intermediate;Shoulders
Single_Arm_Kettlebell_Bottoms_Up_Single_Leg_Standing_Bent_Knee_Contralateral_Overhead_Press;Advanced;Shoulders
Double_Kettlebell_Bottoms_Up_Overhead_Bulgarian_Split_Squat;Advanced;Quadriceps
Single_Arm_Kettlebell_Bottoms_Up_Overhead_Contralateral_Bulgarian_Split_Squat;Advanced;Quadriceps
Single_Arm_Kettlebell_Suitcase_Contralateral_Bulgarian_Split_Squat;Intermediate;Quadriceps
Single_Arm_Kettlebell_Suitcase_Ipsilateral_Bulgarian_Split_Squat;Intermediate;Quadriceps
Double_Kettlebell_Bottoms_Up_Front_Rack_Bulgarian_Split_Squat;Intermediate;Quadriceps
Double_Kettlebell_Suitcase_Bulgarian_Split_Squat;Intermediate;Quadriceps
Double_Kettlebell_Bulgarian_Split_Squat_Thruster_;Advanced;Shoulders
Double_Kettlebell_Bottoms_Up_Bulgarian_Split_Squat_Thruster;Advanced;Shoulders
Single_Arm_Kettlebell_Bottoms_Up_Front_Rack_Contralateral_Bulgarian_Split_Squat;Intermediate;Quadriceps
Single_Arm_Kettlebell_Front_Rack_Contralateral_Bulgarian_Split_Squat;Intermediate;Quadriceps
Single_Arm_Kettlebell_Bottoms_Up_Front_Rack_Ipsilateral_Bulgarian_Split_Squat;Intermediate;Quadriceps
Single_Arm_Kettlebell_Front_Rack_Ipsilateral_Bulgarian_Split_Squat;Intermediate;Quadriceps
Single_Arm_Kettlebell_Bottoms_Up_Single_Leg_Standing_Bent_Knee_Ipsilateral_Overhead_Press;Advanced;Shoulders
Barbell_Overhead_Pistol_Squat;Expert;Quadriceps
Suspension_Cuban_Press;Novice;Shoulders
Suspension_Single_Leg_Standing_Bent_Knee_Cuban_Press;Intermediate;Shoulders
Double_Kettlebell_Turkish_Get_Up;Advanced;Abdominals
Single_Arm_Barbell_Overhead_Knee_Over_Toes_Split_Squat;Expert;Quadriceps
Single_Arm_Barbell_Knee_Over_Toes_Split_Squat_Thruster;Expert;Shoulders
Barbell_Knee_Over_Toes_Split_Squat_Thruster;Advanced;Shoulders
Double_Kettlebell_Knee_Over_Toes_Split_Squat_Thruster;Advanced;Shoulders
Double_Kettlebell_Bottoms_Up_Knee_Over_Toes_Split_Squat_Thruster;Advanced;Shoulders
Double_Kettlebell_Bottoms_Up_Overhead_Knee_Over_Toes_Split_Squat_;Advanced;Quadriceps
Single_Arm_Kettlebell_Bottoms_Up_Knee_Over_Toes_Split_Squat_Thruster;Advanced;Shoulders
Single_Arm_Barbell_Bulgarian_Split_Squat_Thruster;Expert;Shoulders
Single_Arm_Barbell_Windmill;Expert;Abdominals
Bodyweight_Bent_Leg_Windmill;Novice;Abdominals
Bodyweight_Windmill;Novice;Abdominals
Superband_Half_Knee_Hover_Pallof_Press;Intermediate;Abdominals
Single_Arm_Barbell_Turkish_Get_Up;Expert;Abdominals
Single_Arm_Barbell_Single_Leg_Standing_Bent_Knee_Contralateral_Overhead_Press_;Expert;Shoulders
Single_Arm_Barbell_Single_Leg_Standing_Bent_Knee_Ipsilateral_Overhead_Press;Expert;Shoulders
Kettlebell_Bottoms_Up_Horn_Grip_Goblet_Bulgarian_Split_Squat;Intermediate;Quadriceps
Double_Kettlebell_Snatch_to_Overhead_Squat;Advanced;Quadriceps
Single_Arm_Kettlebell_Half_Kneeling_Dead_Clean;Intermediate;Glutes
Single_Arm_Kettlebell_Half_Kneeling_Clean;Intermediate;Glutes
Single_Arm_Kettlebell_Half_Kneeling_Snatch;Intermediate;Glutes
Double_Kettlebell_Front_Rack_Alternating_Curtsy_Lunge;Intermediate;Quadriceps
Double_Kettlebell_Front_Rack_Squat_to_Alternating_Curtsy_Lunge;Intermediate;Quadriceps
Kettlebell_Bottoms_Up_Horn_Grip_Toe_Balance_Squat;Intermediate;Quadriceps
Single_Arm_Contralateral_Single_Leg_Push_Up;Expert;Chest
Single_Arm_Barbell_Overhead_Toe_Balance_Squat;Expert;Quadriceps
Barbell_Overhead_Toe_Balance_Squat;Advanced;Quadriceps
Double_Kettlebell_Dead_Squat_Clean;Intermediate;Quadriceps
Single_Arm_Kettlebell_Dead_Squat_Clean;Intermediate;Quadriceps
Ring_Kneeling_Rollout;Intermediate;Abdominals
Single_Arm_Ring_Kneeling_Rollout;Advanced;Abdominals
Ring_Standing_Rollout;Advanced;Abdominals
Ring_Alternating_Single_Arm_Reach_Push_Up;Advanced;Chest
Ring_L_Sit_Dips;Advanced;Triceps
Kettlebell_Goblet_Cyclist_Squat;Novice;Quadriceps
Kettlebell_Bottoms_Up_Horn_Grip_Cyclist_Squat;Novice;Quadriceps
Single_Arm_Kettlebell_Bottoms_Up_Front_Rack_Cyclist_Squat;Intermediate;Quadriceps
Double_Kettlebell_Dead_Clean_to_Overhead_Press;Intermediate;Shoulders
Double_Kettlebell_Dead_Clean_to_Thruster;Intermediate;Shoulders
Single_Arm_Kettlebell_Dead_Snatch;Intermediate;Glutes
Alternating_Single_Arm_Kettlebell_Dead_Snatch;Intermediate;Glutes
Double_Kettlebell_Dead_Snatch;Intermediate;Glutes
Barbell_Decline_Bench_Press;Novice;Chest
Assisted_Bodyweight_Bulgarian_Split_Squat;Novice;Quadriceps
Bodyweight_Bulgarian_Split_Squat;Novice;Quadriceps
Stability_Ball_Otis_Up;Novice;Abdominals
Plate_Otis_Up;Novice;Abdominals
Double_Kettlebell_Otis_Up;Novice;Abdominals
Single_Arm_Kettlebell_Otis_Up;Novice;Abdominals
Kettlebell_Horn_Grip_Otis_Up;Novice;Abdominals
Double_Kettlebell_Bottoms_Up_Otis_Up;Intermediate;Abdominals
Single_Arm_Kettlebell_Bottoms_Up_Otis_Up;Intermediate;Abdominals
Single_Arm_Kettlebell_Bottoms_Up_Turkish_Sit_Up;Intermediate;Abdominals
Double_Kettlebell_Bottoms_Up_Turkish_Sit_Up;Intermediate;Abdominals
Double_Kettlebell_Bottoms_Up_Turkish_Sit_Up_to_Z_Press;Intermediate;Abdominals
Single_Arm_Kettlebell_Turkish_Sit_Up_to_Z_Press;Intermediate;Abdominals
Single_Arm_Kettlebell_Bottoms_Up_Turkish_Sit_Up_to_Z_Press;Intermediate;Abdominals
Dumbbell_Decline_Bench_Press;Beginner;Chest
Dumbbell_Flat_Bench_Chest_Fly;Beginner;Chest
Dumbbell_Decline_Bench_Chest_Fly;Beginner;Chest
Double_Kettlebell_Alternating_Rotational_Overhead_Press;Novice;Shoulders
Double_Kettlebell_Clean_to_Alternating_Rotational_Overhead_Press;Intermediate;Shoulders
Single_Arm_Kettlebell_Rotational_Thruster;Novice;Shoulders
Alternating_Single_Arm_Kettlebell_Clean_to_Rotational_Thruster;Intermediate;Shoulders
Double_Kettlebell_Overhead_Alternating_Cossack_Squat;Intermediate;Quadriceps
Alternating_Single_Arm_Kettlebell_Clean_to_Rotational_Overhead_Press;Intermediate;Shoulders
Alternating_Single_Arm_Kettlebell_Bottoms_Up_Clean_to_Rotational_Overhead_Press;Intermediate;Shoulders
Double_Kettlebell_Bottoms_Up_Clean_to_Alternating_Rotational_Overhead_Press;Intermediate;Shoulders
Double_Kettlebell_Bottoms_Up_Dead_Clean;Intermediate;Glutes
Double_Kettlebell_Bottoms_Up_Dead_Clean_to_Overhead_Press;Intermediate;Shoulders
Double_Kettlebell_Bottoms_Up_Dead_Clean_to_Thruster;Intermediate;Shoulders
Double_Kettlebell_Bottoms_Up_Dead_Clean_to_Alternating_Rotational_Overhead_Press;Intermediate;Shoulders
Double_Kettlebell_Bottoms_Up_Dead_Clean_to_Alternating_Rotational_Thruster;Intermediate;Shoulders
Double_Kettlebell_Dead_Clean_to_Alternating_Rotational_Overhead_Press;Intermediate;Shoulders
Double_Kettlebell_Dead_Clean_to_Alternating_Rotational_Thruster;Intermediate;Shoulders
Single_Ring_Chin_Up;Advanced;Biceps
Double_Kettlebell_Windmill;Advanced;Abdominals
Single_Arm_Suspension_Single_Leg_Standing_Bent_Knee_Contralateral_Low_Row;Advanced;Back
Single_Arm_Suspension_Single_Leg_Standing_Bent_Knee_Ipsilateral_Low_Row;Advanced;Back
Suspension_Single_Leg_Standing_Bent_Knee_Bicep_Curl;Intermediate;Biceps
Single_Arm_Suspension_Single_Leg_Bent_Knee_Contralateral_Bicep_Curl;Advanced;Biceps
Single_Arm_Suspension_Single_Leg_Bent_Knee_Ipsilateral_Bicep_Curl;Advanced;Biceps
Single_Arm_Plate_Teacup;Intermediate;Shoulders
Ring_L_Sit_Chin_Up;Advanced;Biceps
Single_Ring_L_Sit_Chin_Up;Advanced;Biceps
Barbell_Front_Rack_Bulgarian_Split_Squat;Intermediate;Quadriceps
Barbell_Back_Rack_Bulgarian_Split_Squat;Intermediate;Quadriceps
Single_Arm_Suspension_Contralateral_Pistol_Squat;Advanced;Quadriceps
Barbell_Front_Rack_Alternating_Curtsy_Lunge;Intermediate;Quadriceps
Dragon_Flag;Advanced;Abdominals
Double_Kettlebell_Dragon_Flag;Expert;Abdominals
Ring_Iron_Cross;Master;Back
Parallette_Tuck_Planche_Push_Up;Expert;Chest
Parallette_Full_Planche;Expert;Abdominals
Parallette_Full_Planche_Push_Up;Master;Chest
Ring_Inverted_Iron_Cross;Grand_Master;Back
Ring_Maltese_Push_Up;Advanced;Chest
Ring_Tuck_Planche;Advanced;Abdominals
Ring_Tuck_Planche_Push_Up;Expert;Chest
Ring_Full_Planche;Master;Abdominals
Ring_Full_Planche_Push_Up;Grand_Master;Chest
Ring_Grip_Full_Planche_Push_Up;Legendary;Chest
Ring_Grip_Full_Planche;Grand_Master;Abdominals
Bodyweight_Full_Planche;Expert;Abdominals
Cable_Quadruped_Hip_Abduction;Novice;Abductors
Double_Kettlebell_Alternating_Push_Press;Novice;Shoulders
Double_Kettlebell_Front_Rack_90/90_Hip_Shift_to_Alternating_Overhead_Press;Advanced;Shoulders
Parallette_L_Sit_to_Tuck_Planche_Push_Up;Expert;Chest
Ring_L_Sit_to_Tuck_Planche_Push_Up;Expert;Chest
Parallette_Straddle_Planche;Expert;Abdominals
Parallette_Straddle_Planche_Push_Up;Master;Chest
Ring_Straddle_Planche;Master;Abdominals
Ring_Straddle_Planche_Push_Up;Grand_Master;Chest
Barbell_Turkish_Sit_Up;Intermediate;Abdominals
Plate_Turkish_Sit_Up;Intermediate;Abdominals
Barbell_Seated_Overhead_Press;Novice;Shoulders
Single_Arm_Barbell_Turkish_Sit_Up;Advanced;Abdominals
Dumbbell_Crush_Grip_Romanian_Deadlift;Beginner;Hamstrings
Ring_Pelican_Curl;Advanced;Biceps
Kettlebell_Dead_Bug;Novice;Abdominals
Single_Arm_Kettlebell_Bottoms_Up_Copenhagen_Plank;Intermediate;Adductors
Ring_Chin_Up;Intermediate;Biceps
Ring_Two_Finger_Chin_Up;Advanced;Biceps
Dumbbell_Crush_Grip_Bent_Over_Row;Beginner;Back
Double_Kettlebell_Bottoms_Up_Front_Rack_Walking_Lunge;Intermediate;Quadriceps
Dumbbell_Crush_Grip_Bicep_Curl_to_Overhead_Press;Beginner;Shoulders
Dumbbell_Crush_Grip_Overhead_Press;Beginner;Shoulders
Dumbbell_Crush_Grip_Hollow_Body_Hold_Flutter_Kicks;Intermediate;Abdominals
Dumbbell_Crush_Grip_Floor_Chest_Press;Beginner;Chest
Parallette_Crow_Pose;Intermediate;Abdominals
Dumbbell_Crush_Grip_Z_Press;Novice;Shoulders
Kettlebell_Dead_Clean_to_Horn_Grip_Goblet_Squat;Novice;Quadriceps
Dumbbell_Crush_Grip_Standing_Overhead_Tricep_Extension;Beginner;Triceps
Double_Kettlebell_Bottoms_Up_Front_Rack_Walking_Lunge;Intermediate;Quadriceps
Double_Kettlebell_Bottoms_Up_Overhead_Walking_Lunge;Intermediate;Quadriceps
Barbell_Front_Rack_Alternating_Cossack_Squat_Hold_to_Overhead_Press;Advanced;Shoulders
Double_Kettlebell_Bottoms_Up_Front_Rack_March;Intermediate;Abdominals
Double_Kettlebell_Bottoms_Up_Overhead_March;Intermediate;Abdominals
Double_Kettlebell_Bottoms_Up_Alternating_Contralateral_Overhead_Press_March;Advanced;Shoulders
Barbell_Half_Kneeling_Overhead_Press;Novice;Shoulders
Barbell_Tall_Kneeling_Overhead_Press;Novice;Shoulders
Single_Arm_Kettlebell_Tactical_Clean;Advanced;Glutes
Barbell_Overhead_March;Intermediate;Abdominals
Single_Arm_Barbell_Overhead_March;Advanced;Abdominals
Double_Kettlebell_Bottoms_Up_Overhead_Adductor_Slide;Advanced;Adductors
Double_Kettlebell_Bottoms_Up_Front_Rack_Adductor_Slide;Intermediate;Adductors
Double_Kettlebell_Front_Rack_Adductor_Slide;Novice;Adductors
Bodyweight_Adductor_Slide;Beginner;Adductors
Parallette_Plyometric_Push_Up;Intermediate;Chest
Parallette_Plyometric_Clapping_Push_Up;Advanced;Chest
Alternating_Single_Arm_Kettlebell_Ballistic_Row;Intermediate;Back
Double_Kettlebell_Front_Rack_Pivot_Split_Squat;Intermediate;Quadriceps
Double_Kettlebell_Bottoms_Up_Front_Rack_Pivot_Split_Squat;Advanced;Quadriceps
Double_Kettlebell_Bottoms_Up_Overhead_Pivot_Split_Squat;Advanced;Quadriceps
Dumbbell_Front_Rack_Pivot_Split_Squat;Intermediate;Quadriceps
Bodyweight_Row_Feet_Elevated;Intermediate;Back
Bodyweight_Row;Novice;Back
Ring_Row;Novice;Back
Ring_Bulgarian_Row;Novice;Back
Kettlebell_Half_Kneeling_Rotational_Swing;Intermediate;Abdominals
Double_Kettlebell_Push_Jerk;Novice;Shoulders
Double_Kettlebell_Clean_to_Push_Jerk;Intermediate;Shoulders
Slider_Barbell_Overhead_Reverse_Lunge;Intermediate;Quadriceps
Slider_Single_Arm_Barbell_Overhead_Reverse_Lunge;Advanced;Quadriceps
Pseudo_Planche_Push_Up;Advanced;Chest
Parallette_Pseudo_Planche_Push_Up;Expert;Chest
Kettlebell_Half_Knee_Hover_Low_to_High_Chop;Advanced;Abdominals
Kettlebell_Half_Knee_Hover_Alternating_Halo;Advanced;Shoulders
Double_Kettlebell_Front_Rack_March;Novice;Abdominals
Double_Kettlebell_Suitcase_March;Novice;Abdominals
Single_Arm_Kettlebell_Rotational_Snatch;Advanced;Shoulders
Dumbbell_Staggered_Stance_Romanian_Deadlift;Novice;Hamstrings
Barbell_Staggered_Stance_Romanian_Deadlift;Intermediate;Hamstrings
Single_Arm_Kettlebell_Contralateral_Staggered_Stance_Romanian_Deadlift;Novice;Hamstrings
Ring_Hanging_Knees_to_Elbows;Advanced;Abdominals
Barbell_Staggered_Stance_Overhead_Press;Intermediate;Shoulders
Double_Kettlebell_Dead_Clean_to_Front_Rack_Squat;Intermediate;Quadriceps
Superband_Assisted_Nordic_Hamstring_Curl;Intermediate;Hamstrings
Double_Kettlebell_Front_Rack_Alternating_Shin_Box_Hip_Extension_to_Overhead_Press;Advanced;Shoulders
Bodyweight_Alternating_Shin_Box_to_Hip_Extension;Intermediate;Glutes
Double_Kettlebell_Overhead_Alternating_Shin_Box_to_Hip_Extension;Advanced;Glutes
Double_Kettlebell_Bottoms_Up_Turkish_Get_Up;Expert;Abdominals
Kettlebell_Staggered_Stance_Rotational_Swing;Intermediate;Abdominals
Single_Arm_Kettlebell_Suitcase_Curtsy_Lunge;Novice;Quadriceps
Single_Arm_Kettlebell_Suitcase_Alternating_Curtsy_Lunge_Pass_Through;Intermediate;Quadriceps
Single_Arm_Kettlebell_Suitcase_Walking_Lunge_Pass_Through;Intermediate;Quadriceps
Double_Kettlebell_Bottoms_Up_Bench_Press;Novice;Chest
Double_Kettlebell_Overhead_Press;Beginner;Shoulders
Double_Kettlebell_Bottoms_Up_Overhead_Press;Intermediate;Shoulders
Double_Kettlebell_Suitcase_Carry;Beginner;Forearms
Single_Arm_Kettlebell_Suitcase_Carry;Beginner;Forearms
Single_Arm_Dumbbell_Suitcase_Carry;Beginner;Forearms
Dumbbell_Glute_Bridge_Bench_Press;Novice;Chest
Double_Kettlebell_Bottoms_Up_Glute_Bridge_Bench_Press;Intermediate;Chest
Double_Kettlebell_Bottoms_Up_Single_Leg_Glute_Bridge_Bench_Press;Advanced;Chest
Bodyweight_Foot_Elevated_Cossack_Squat;Beginner;Quadriceps
Kettlebell_Goblet_Foot_Elevated_Cossack_Squat;Novice;Quadriceps
Barbell_Overhead_Foot_Elevated_Cossack_Squat;Advanced;Quadriceps
Landmine_Half_Knee_Hover_Oblique_Twist;Advanced;Abdominals
Alternating_Single_Arm_Kettlebell_Knee_Hover_Quadruped_Pull_Through;Intermediate;Abdominals
Barbell_Back_Rack_Foot_Elevated_Cossack_Squat;Advanced;Quadriceps
Barbell_Front_Rack_Foot_Elevated_Cossack_Squat;Advanced;Quadriceps
Cable_Seated_Floor_V_Grip_Lat_Pulldown;Beginner;Back
Barbell_Overhead_Low_Switch_Cossack_Squat;Advanced;Quadriceps
Single_Arm_Kettlebell_High_Pull;Intermediate;Shoulders
Double_Kettlebell_Suitcase_Deficit_Bulgarian_Split_Squat;Advanced;Quadriceps
Alternating_Single_Arm_Kettlebell_Front_Rack_Squat;Intermediate;Quadriceps
Alternating_Single_Arm_Kettlebell_Thruster;Intermediate;Shoulders
Double_Kettlebell_Suitcase_Knee_Over_Toes_Split_Squat;Novice;Quadriceps
Double_Kettlebell_Sumo_Deadlift_to_Push_Up;Intermediate;Back
Alternating_Single_Arm_Kettlebell_Clean_to_Thruster;Intermediate;Shoulders
Battle_Rope_Half_Knee_Hover_Alternating_Side_Slam;Advanced;Abdominals
Superband_Standing_Adduction;Novice;Adductors
Superband_Lateral_Adduction_Steps;Novice;Adductors
Single_Arm_Kettlebell_Bottoms_Up_Copenhagen_Plank_Side_Raise;Advanced;Adductors
Single_Arm_Kettlebell_Single_Leg_Balance_Transfer;Intermediate;Abdominals
Bosu_Ball_Single_Arm_Kettlebell_Single_Leg_Balance_Transfer;Advanced;Abdominals
Single_Arm_Kettlebell_Suitcase_Foot_Elevated_Knee_Over_Toes_Split_Squat;Novice;Quadriceps
Single_Arm_Kettlebell_Suitcase_Contralateral_Knee_Over_Toes_Split_Squat;Novice;Quadriceps
Suspension_Alternating_Cossack_Squat;Beginner;Quadriceps
Battle_Rope_Single_Leg_Balance_Alternating_Wave;Advanced;Biceps
Battle_Rope_Alternating_Wave;Beginner;Biceps
Battle_Rope_Half_Knee_Hover_Alternating_Wave;Advanced;Biceps
Superband_Assisted_Dips;Intermediate;Chest
Cable_Tall_Kneeling_Face_Pull;Novice;Shoulders
Suspension_Split_Squat;Beginner;Quadriceps
Double_Kettlebell_Suitcase_Deadlift;Beginner;Back
Suspension_Cyclist_Squat;Beginner;Quadriceps
Cable_Rope_Tall_Kneeling_Tricep_Pushdown;Beginner;Triceps
Cable_Rope_Staggered_Stance_Tricep_Pushdown;Beginner;Triceps
Suspension_Single_Arm_Contralateral_Skater_Squat;Intermediate;Quadriceps
Double_Kettlebell_Bottoms_Up_Clean;Intermediate;Glutes
Alternating_Single_Arm_Kettlebell_Feet_Elevated_Plank_Pull_Through;Intermediate;Abdominals
Double_Kettlebell_Clean_to_Alternating_Thruster;Intermediate;Shoulders
Double_Kettlebell_Clean_to_Alternating_Overhead_Press;Intermediate;Shoulders
Bodyweight_Cyclist_Squat;Beginner;Quadriceps
Double_Kettlebell_Bottoms_Up_Clean_to_Thruster;Intermediate;Shoulders
Double_Kettlebell_Bottoms_Up_Clean_to_Alternating_Thruster;Intermediate;Shoulders
Double_Kettlebell_Bottoms_Up_Clean_to_Alternating_Overhead_Press;Intermediate;Shoulders
Double_Kettlebell_Clean_to_Split_Jerk;Intermediate;Shoulders
Double_Kettlebell_Bottoms_Up_Clean_to_Split_Jerk;Advanced;Shoulders
Single_Arm_Kettlebell_Clean_to_Split_Jerk;Intermediate;Shoulders
Alternating_Single_Arm_Kettlebell_Clean_to_Split_Jerk;Intermediate;Shoulders
Single_Arm_Kettlebell_Bottoms_Up_Clean_to_Split_Jerk;Advanced;Shoulders
Alternating_Single_Arm_Kettlebell_Bottoms_Up_Clean_to_Split_Jerk;Intermediate;Shoulders
Double_Kettlebell_Bottoms_Up_Split_Jerk;Intermediate;Shoulders
Single_Arm_Kettlebell_Bottoms_Up_Split_Jerk;Intermediate;Shoulders
Alternating_Single_Arm_Kettlebell_Bottoms_Up_Clean;Intermediate;Glutes
Single_Arm_Kettlebell_Bottoms_Up_Clean;Intermediate;Glutes
Slider_Single_Leg_Hamstring_Curl;Advanced;Hamstrings
Alternating_Single_Arm_Kettlebell_Bottoms_Up_Clean_to_Thruster;Intermediate;Shoulders
Single_Arm_Suspension_Cyclist_Squat;Beginner;Quadriceps
Alternating_Single_Arm_Kettlebell_Bottoms_Up_Clean_to_Front_Rack_Squat;Intermediate;Quadriceps
Single_Arm_Kettlebell_Split_Squat_Thruster;Intermediate;Shoulders
Barbell_Low_Bar_Pause_Back_Squat;Intermediate;Glutes
Barbell_Pause_Front_Squat;Intermediate;Quadriceps
Barbell_High_Bar_Pause_Back_Squat;Intermediate;Quadriceps
Barbell_Overhead_Pause_Squat;Intermediate;Quadriceps
Double_Kettlebell_Suitcase_Alternating_Reverse_Lunge;Novice;Quadriceps
Ring_Hanging_Knees_to_Wrists;Advanced;Abdominals
Suspension_Adductor_Slide;Beginner;Adductors
Alternating_Single_Arm_Kettlebell_Sumo_Deadlift;Novice;Glutes
Dumbbell_Goblet_Cyclist_Squat;Novice;Quadriceps
Barbell_Front_Rack_Adductor_Slide;Intermediate;Adductors
Barbell_Back_Rack_Adductor_Slide;Intermediate;Adductors
Barbell_Overhead_Alternating_Cossack_Squat;Advanced;Quadriceps
Barbell_Overhead_Alternating_Reverse_Lunge;Advanced;Quadriceps
Barbell_Overhead_Press_to_Alternating_Reverse_Lunge;Intermediate;Shoulders
Miniband_Side_Plank_Hip_Abduction;Intermediate;Abductors
Slider_Double_Kettlebell_Suitcase_Reverse_Lunge;Novice;Quadriceps
Slider_Double_Kettlebell_Front_Rack_Reverse_Lunge;Novice;Quadriceps
Slider_Double_Kettlebell_Overhead_Reverse_Lunge;Intermediate;Quadriceps
Single_Arm_Kettlebell_Suitcase_March;Novice;Abdominals
Single_Arm_Kettlebell_Bottoms_Up_Overhead_March;Intermediate;Abdominals
Single_Arm_Kettlebell_Bottoms_Up_Front_Rack_March;Intermediate;Abdominals
Parallette_Close_Grip_Single_Leg_Push_Up;Advanced;Triceps
Double_Kettlebell_Half_Snatch;Intermediate;Shoulders
Alternating_Single_Arm_Kettlebell_Half_Snatch;Intermediate;Shoulders
Single_Arm_Kettlebell_Half_Snatch;Intermediate;Shoulders
Double_Kettlebell_Half_Snatch_to_Thruster;Advanced;Shoulders
Alternating_Single_Arm_Kettlebell_Half_Snatch_to_Thruster;Advanced;Shoulders
Single_Arm_Kettlebell_Bottoms_Up_Overhead_Alternating_Cossack_Squat;Intermediate;Quadriceps
Kettlebell_Goblet_Horse_Stance_Squat;Novice;Quadriceps
Suspension_Alternating_Curtsy_Lunge;Novice;Quadriceps
Double_Kettlebell_Alternating_Forward_Lunge_Snatch;Advanced;Quadriceps
Barbell_Front_Rack_Alternating_Forward_Lunge;Intermediate;Quadriceps
Barbell_Front_Rack_Alternating_Reverse_Lunge;Intermediate;Quadriceps
Barbell_Overhead_Alternating_Forward_Lunge;Advanced;Quadriceps
Macebell_360;Intermediate;Shoulders
Single_Arm_Macebell_360;Intermediate;Shoulders
Macebell_10_to_2_;Intermediate;Shoulders
Macebell_Barbarian_Squat;Novice;Quadriceps
Single_Arm_Macebell_Barbarian_Squat;Intermediate;Quadriceps
Macebell_Ballistic_Curl;Novice;Biceps
Macebell_Single_Leg_Standing_Ballistic_Curl;Intermediate;Biceps
Macebell_Half_Knee_Hover_Low_to_High_Chop;Advanced;Abdominals
Single_Arm_Macebell_Single_Leg_Standing_Bent_Knee_360;Advanced;Shoulders
Double_Indian_Club_Outer_Heart_Shaped_Swing;Intermediate;Shoulders
Single_Arm_Indian_Club_Outer_Heart_Shaped_Swing;Novice;Shoulders
Macebell_Front_Swing_to_360;Advanced;Shoulders
Macebell_Alternating_Front_Swing_to_360;Advanced;Shoulders
Clubbell_Swing_to_Gamma_Cast;Intermediate;Shoulders
Macebell_Alternating_360;Intermediate;Shoulders
Macebell_Bulgarian_Split_Squat_to_Alternating_360;Advanced;Quadriceps
Single_Arm_Landmine_Single_Leg_Standing_Bent_Knee_Ipsilateral_Shoulder_Press;Advanced;Shoulders
Single_Arm_Landmine_Single_Leg_Standing_Bent_Knee_Contralateral_Shoulder_Press;Advanced;Shoulders
Alternating_Single_Arm_Landmine_Single_Leg_Standing_Bent_Knee_Shoulder_Press;Advanced;Shoulders
Double_Kettlebell_Feet_Elevated_Renegade_Row;Advanced;Back
Double_Kettlebell_Feet_Elevated_Renegade_Row_Push_Up;Advanced;Back
Macebell_Alternating_360_to_Lateral_Uppercut;Advanced;Shoulders
Macebell_Alternating_360_to_Alternating_Lateral_Lunge_Front_Press;Advanced;Shoulders
Clubbell_Shield_Cast;Intermediate;Shoulders
Single_Arm_Clubbell_Shield_Cast;Intermediate;Shoulders
Alternating_Double_Clubbell_Shield_Cast;Intermediate;Shoulders
Single_Arm_Clubbell_Inside_Circle;Intermediate;Abdominals
Alternating_Double_Clubbell_Inside_Circles;Intermediate;Abdominals
Clubbell_Inside_Circle;Intermediate;Abdominals
Clubbell_Alternating_Inside_Circle;Intermediate;Abdominals
Double_Clubbell_Side_Shoulder_Cast;Intermediate;Shoulders
Double_Clubbell_Side_Shoulder_Cast_to_Side_Flag_Press;Intermediate;Shoulders
Double_Clubbell_Swipe_to_Alternating_Reverse_Lunge_Side_Shoulder_Cast_to_Side_Flag_Press;Advanced;Shoulders
Clubbell_Swing_to_Alternating_Side_Shoulder_Park_Squat;Intermediate;Glutes
Double_Clubbell_Single_Leg_Standing_Bent_Knee_Side_Shoulder_Cast_to_Side_Flag_Press;Advanced;Shoulders
Clubbell_Clean_to_Barbarian_Squat;Intermediate;Quadriceps
Clubbell_Mill;Intermediate;Shoulders
Clubbell_Inside_Pendulum;Intermediate;Abdominals
Clubbell_Half_Kneeling_Shield_Cast;Intermediate;Shoulders
Clubbell_Half_Knee_Hover_Shield_Cast;Advanced;Shoulders
Clubbell_Single_Leg_Standing_Bent_Knee_Shield_Cast;Advanced;Shoulders
Double_Clubbell_Iron_Cross;Intermediate;Shoulders
Double_Clubbell_Half_Kneeling_Iron_Cross;Intermediate;Shoulders
Double_Clubbell_Half_Knee_Hover_Iron_Cross;Advanced;Shoulders
Double_Clubbell_Single_Leg_Standing_Bent_Knee_Iron_Cross;Advanced;Shoulders
Double_Kettlebell_Half_Snatch_to_Overhead_Press;Advanced;Shoulders
Double_Kettlebell_Half_Snatch_to_Front_Rack_Squat;Advanced;Shoulders
Clubbell_Alternating_Inside_Circles;Intermediate;Abdominals
Double_Clubbell_Alternating_Reverse_Lunge_Front_Flag_Press;Intermediate;Quadriceps
Clubbell_Gamma_Cast;Intermediate;Shoulders
Clubbell_Half_Kneeling_Gamma_Cast;Intermediate;Shoulders
Clubbell_Half_Knee_Hover_Gamma_Cast;Advanced;Shoulders
Clubbell_Single_Leg_Standing_Bent_Knee_Gamma_Cast;Advanced;Shoulders
Single_Arm_Clubbell_Pullover;Novice;Shoulders
Double_Clubbell_Pullover;Novice;Shoulders
Clubbell_Pullover;Novice;Shoulders
Clubbell_Side_Swing;Intermediate;Abdominals
Single_Arm_Clubbell_Side_Swing;Intermediate;Abdominals
Single_Arm_Clubbell_Inside_Pendulum;Intermediate;Abdominals
Double_Clubbell_Swipe;Intermediate;Glutes
Single_Arm_Clubbell_Swipe;Intermediate;Glutes
Single_Arm_Clubbell_Crossbody_Swipe;Intermediate;Abdominals
Macebell_Alternating_360_to_Front_Flag_Press;Advanced;Shoulders
Single_Arm_Clubbell_Inside_Circle_to_Shield_Cast;Advanced;Shoulders
Clubbell_Barbarian_Squat;Novice;Quadriceps
Single_Arm_Clubbell_Inside_Circle_to_Outside_Circle;Intermediate;Abdominals
Clubbell_Side_to_Side_Swing;Intermediate;Abdominals
Double_Clubbell_Barbarian_Squat;Novice;Quadriceps
Alternating_Single_Arm_Clubbell_Inside_Circle;Advanced;Abdominals
Single_Arm_Clubbell_Side_to_Side_Swing;Intermediate;Abdominals
Alternating_Single_Arm_Clubbell_Side_to_Side_Swing;Advanced;Abdominals
Clubbell_Alternating_Pendulum_to_Gamma_Cast;Advanced;Shoulders
Single_Arm_Clubbell_Single_Leg_Standing_Bent_Knee_Contralateral_Shield_Cast;Advanced;Shoulders
Double_Clubbell_Side_Flag_Press;Intermediate;Shoulders
Clubbell_Front_Flag_Press;Novice;Shoulders
Single_Arm_Clubbell_Inside_Circle_to_Front_Flag_Press;Intermediate;Shoulders
Single_Arm_Kettlebell_Bottoms_Up_Overhead_Adductor_Slide;Advanced;Adductors
Double_Clubbell_Order_Bulgarian_Split_Squat;Intermediate;Quadriceps
Barbell_Hang_Squat_Clean;Advanced;Quadriceps
Kettlebell_Single_Leg_Standing_Hip_Flexion;Intermediate;Hip_Flexors
Miniband_Supine_Alternating_Hip_Flexion;Beginner;Hip_Flexors
Double_Indian_Club_Inner_Heart_Shaped_Swing;Intermediate;Shoulders
Single_Arm_Indian_Club_Inner_Heart_Shaped_Swing;Novice;Shoulders
Alternating_Double_Indian_Club_Inner_Heart_Shaped_Swing;Intermediate;Shoulders
Double_Indian_Club_Crescent_Swing;Advanced;Shoulders
Single_Arm_Clubbell_Barbarian_Squat;Novice;Quadriceps
Single_Arm_Clubbell_Single_Leg_Standing_Bent_Knee_Ipsilateral_Shield_Cast;Advanced;Shoulders
Clubbell_Order_Cyclist_Squat;Intermediate;Quadriceps
Single_Arm_Clubbell_Order_Contralateral_Bulgarian_Split_Squat;Intermediate;Quadriceps
Alternating_Double_Clubbell_Side_Flag_Press;Intermediate;Shoulders
Single_Arm_Clubbell_Side_Flag_Press;Intermediate;Shoulders
Single_Arm_Clubbell_Side_Shoulder_Cast;Intermediate;Shoulders
Clubbell_Order_Squat;Beginner;Quadriceps
Single_Arm_Clubbell_Order_Ipsilateral_Bulgarian_Split_Squat;Intermediate;Quadriceps
Single_Arm_Clubbell_Order_Squat;Novice;Quadriceps
Double_Clubbell_Order_Squat;Novice;Quadriceps
Single_Arm_Macebell_Front_Swing_to_360;Advanced;Shoulders
Single_Arm_Ring_Dead_Hang;Novice;Back
Clubbell_Torch_Press;Novice;Shoulders
Single_Arm_Clubbell_Torch_Press;Novice;Shoulders
Double_Clubbell_Torch_Press;Novice;Shoulders
Alternating_Double_Clubbell_Torch_Press;Novice;Shoulders
Single_Arm_Clubbell_Front_Flag_Press;Novice;Shoulders
Double_Clubbell_Front_Flag_Press;Novice;Shoulders
Alternating_Double_Clubbell_Front_Flag_Press;Novice;Shoulders
Double_Indian_Club_Lateral_Internal_and_External_Rotations;Novice;Shoulders
Single_Arm_Indian_Club_Lateral_Internal_and_External_Rotation;Novice;Shoulders
Double_Indian_Club_Overhead_Arm_Circles;Novice;Shoulders
Double_Indian_Club_Lateral_Arm_Circles;Novice;Shoulders
Resistance_Band_Shoulder_Dislocates;Novice;Shoulders
Suspension_Reverse_Grip_Bicep_Curl;Novice;Forearms
Bulgarian_Bag_Side_to_Side_Swing;Intermediate;Abdominals
Barbell_Reverse_Grip_Bicep_Curl;Intermediate;Forearms
Cable_Straight_Bar_Reverse_Grip_Bicep_Curl;Novice;Forearms
Cable_Straight_Bar_Bicep_Curl;Beginner;Biceps
Clubbell_Clean;Novice;Glutes
Double_Clubbell_Clean;Novice;Glutes
Single_Arm_Clubbell_Clean;Novice;Glutes
Single_Arm_Clubbell_Reverse_Mill;Intermediate;Shoulders
Bulgarian_Bag_Spin;Advanced;Shoulders
Bulgarian_Bag_Alternating_Spin;Advanced;Shoulders
Bulgarian_Bag_Alternating_Spin_to_Side_Swing_Squat;Advanced;Shoulders
Bulgarian_Bag_Swipe;Intermediate;Glutes
Bulgarian_Bag_Snatch;Intermediate;Glutes
Bulgarian_Bag_Alternating_Rotational_Snatch;Advanced;Shoulders
Bulgarian_Bag_Alternating_Side_Swing_Squat;Advanced;Abdominals
Bulgarian_Bag_Clean;Intermediate;Glutes
Bulgarian_Bag_Swing;Novice;Glutes
Bulgarian_Bag_Front_Squat;Novice;Quadriceps
Bulgarian_Bag_Back_Squat;Novice;Quadriceps
Bulgarian_Bag_Swing_Squat;Advanced;Glutes
Bulgarian_Bag_Alternating_Forward_Lunge_with_Rotation;Intermediate;Quadriceps
Clubbell_Tall_Kneeling_Gamma_Cast;Intermediate;Shoulders
Clubbell_Tall_Kneeling_Shield_Cast;Intermediate;Shoulders
Single_Arm_Clubbell_Tall_Kneeling_Shield_Cast;Intermediate;Shoulders
Double_Clubbell_Swipe_to_Alternating_Shield_Cast;Advanced;Shoulders
Double_Clubbell_Order_Cyclist_Squat;Intermediate;Quadriceps
Single_Arm_Clubbell_Order_Cyclist_Squat;Intermediate;Quadriceps
Single_Arm_Clubbell_Mill;Intermediate;Shoulders
Double_Clubbell_Mill;Intermediate;Shoulders
Single_Arm_Cable_Reverse_Grip_Bicep_Curl;Novice;Forearms
Dumbbell_Goblet_Low_Switch_Cossack_Squat;Intermediate;Quadriceps
Kettlebell_Goblet_Low_Switch_Cossack_Squat;Intermediate;Quadriceps
Double_Kettlebell_Front_Rack_Cossack_Squat;Novice;Quadriceps
Double_Kettlebell_Front_Rack_Low_Switch_Cossack_Squat;Intermediate;Quadriceps
Double_Kettlebell_Bottoms_Up_Front_Rack_Low_Switch_Cossack_Squat;Advanced;Quadriceps
Double_Kettlebell_Bottoms_Up_Front_Rack_Cossack_Squat;Intermediate;Quadriceps
Double_Kettlebell_Overhead_Cossack_Squat;Intermediate;Quadriceps
Double_Kettlebell_Bottoms_Up_Overhead_Cossack_Squat;Advanced;Quadriceps
Double_Dumbbell_Front_Rack_Cossack_Squat;Novice;Quadriceps
Double_Dumbbell_Overhead_Alternating_Cossack_Squat;Intermediate;Quadriceps
Double_Dumbbell_Overhead_Cossack_Squat;Intermediate;Quadriceps
Double_Dumbbell_Low_Hold_Alternating_Cossack_Squat;Novice;Quadriceps
Double_Dumbbell_Low_Hold_Cossack_Squat;Novice;Quadriceps
Kettlebell_Low_Hold_Cossack_Squat;Novice;Quadriceps
Kettlebell_Low_Hold_Alternating_Cossack_Squat;Novice;Quadriceps
Suspension_Low_Switch_Cossack_Squat;Novice;Quadriceps
Suspension_Cossack_Squat;Beginner;Quadriceps
Single_Arm_Suspension_Alternating_Cossack_Squat;Beginner;Quadriceps
Single_Arm_Suspension_Cossack_Squat;Beginner;Quadriceps
Single_Arm_Suspension_Low_Switch_Cossack_Squat;Novice;Quadriceps
Suspension_Foot_Elevated_Cossack_Squat;Beginner;Quadriceps
Single_Arm_Suspension_Foot_Elevated_Cossack_Squat;Beginner;Quadriceps
Barbell_Overhead_Cossack_Squat;Advanced;Quadriceps
Barbell_Front_Rack_Low_Switch_Cossack_Squat;Advanced;Quadriceps
Barbell_Front_Rack_Foot_Elevated_Cossack_Squat;Advanced;Quadriceps
Barbell_Back_Rack_Low_Switch_Cossack_Squat;Advanced;Quadriceps
Barbell_Back_Rack_Foot_Elevated_Cossack_Squat;Advanced;Quadriceps
Barbell_Back_Rack_Cossack_Squat;Intermediate;Quadriceps
Barbell_Front_Rack_Cossack_Squat;Intermediate;Quadriceps
Landmine_Goblet_Cossack_Squat;Intermediate;Quadriceps
Landmine_Goblet_Low_Switch_Cossack_Squat;Advanced;Quadriceps
Landmine_Goblet_Foot_Elevated_Cossack_Squat;Advanced;Quadriceps
Landmine_Low_Hold_Cossack_Squat;Intermediate;Quadriceps
Landmine_Low_Hold_Low_Switch_Cossack_Squat;Advanced;Quadriceps
Landmine_Low_Hold_Foot_Elevated_Cossack_Squat;Advanced;Quadriceps
Dumbbell_Goblet_Cossack_Squat;Novice;Quadriceps
Dumbbell_Goblet_Foot_Elevated_Cossack_Squat;Intermediate;Quadriceps
Double_Dumbbell_Overhead_Low_Switch_Cossack_Squat;Advanced;Quadriceps
Double_Dumbbell_Overhead_Foot_Elevated_Cossack_Squat;Advanced;Quadriceps
Double_Dumbbell_Front_Rack_Low_Switch_Cossack_Squat;Intermediate;Quadriceps
Double_Dumbbell_Front_Rack_Foot_Elevated_Cossack_Squat;Intermediate;Quadriceps
Single_Arm_Dumbbell_Front_Rack_Cossack_Squat;Novice;Quadriceps
Single_Arm_Dumbbell_Front_Rack_Alternating_Cossack_Squat;Novice;Quadriceps
Single_Arm_Dumbbell_Front_Rack_Low_Switch_Cossack_Squat;Intermediate;Quadriceps
Single_Arm_Dummbell_Front_Rack_Foot_Elevated_Cossack_Squat;Intermediate;Quadriceps
Double_Dumbbell_Low_Hold_Low_Switch_Cossack_Squat;Intermediate;Quadriceps
Double_Dumbbell_Low_Hold_Foot_Elevated_Cossack_Squat;Intermediate;Quadriceps
Dumbbell_Low_Hold_Cossack_Squat;Novice;Quadriceps
Dumbbell_Low_Hold_Alternating_Cossack_Squat;Novice;Quadriceps
Dumbbell_Low_Hold_Low_Switch_Cossack_Squat;Intermediate;Quadriceps
Dumbbell_Low_Hold_Foot_Elevated_Cossack_Squat;Intermediate;Quadriceps
Single_Arm_Kettlebell_Front_Rack_Cossack_Squat;Novice;Quadriceps
Single_Arm_Kettlebell_Front_Rack_Low_Switch_Cossack_Squat;Intermediate;Quadriceps
Single_Arm_Kettlebell_Front_Rack_Foot_Elevated_Cossack_Squat;Intermediate;Quadriceps
Clubbell_Order_Alternating_Cossack_Squat;Novice;Quadriceps
Clubbell_Order_Cossack_Squat;Novice;Quadriceps
Clubbell_Order_Low_Switch_Cossack_Squat;Intermediate;Quadriceps
Clubbell_Order_Foot_Elevated_Cossack_Squat;Intermediate;Quadriceps
Double_Clubbell_Order_Alternating_Cossack_Squat;Novice;Quadriceps
Double_Clubbell_Order_Cossack_Squat;Novice;Quadriceps
Double_Clubbell_Order_Low_Switch_Cossack_Squat;Intermediate;Quadriceps
Double_Clubbell_Order_Foot_Elevated_Cossack_Squat;Intermediate;Quadriceps
Clubbell_Front_Flag_Hold_Cossack_Squat;Novice;Quadriceps
Clubbell_Front_Flag_Hold_Alternating_Cossack_Squat;Novice;Quadriceps
Clubbell_Front_Flag_Hold_Low_Switch_Cossack_Squat;Intermediate;Quadriceps
Clubbell_Front_Flag_Hold_Foot_Elevated_Cossack_Squat;Intermediate;Quadriceps
Double_Clubbell_Front_Flag_Hold_Cossack_Squat;Novice;Quadriceps
Double_Clubbell_Front_Flag_Hold_Alternating_Cossack_Squat;Novice;Quadriceps
Double_Clubbell_Front_Flag_Hold_Low_Switch_Cossack_Squat;Intermediate;Quadriceps
Double_Clubbell_Front_Flag_Hold_Foot_Elevated_Cossack_Squat;Intermediate;Quadriceps
Single_Arm_Clubbell_Order_Cossack_Squat;Novice;Quadriceps
Single_Arm_Clubbell_Order_Alternating_Cossack_Squat;Novice;Quadriceps
Single_Arm_Clubbell_Order_Low_Switch_Cossack_Squat;Intermediate;Quadriceps
Single_Arm_Clubbell_Order_Foot_Elevated_Cossack_Squat;Intermediate;Quadriceps
Single_Arm_Clubbell_Front_Flag_Hold_Cossack_Squat;Novice;Quadriceps
Single_Arm_Clubbell_Front_Flag_Hold_Alternating_Cossack_Squat;Novice;Quadriceps
Single_Arm_Clubbell_Front_Flag_Hold_Low_Switch_Cossack_Squat;Intermediate;Quadriceps
Single_Arm_Clubbell_Front_Flag_Hold_Foot_Elevated_Cossack_Squat;Intermediate;Quadriceps
Clubbell_Front_Flag_Hold_Cossack_Squat;Novice;Quadriceps
Clubbell_Front_Flag_Hold_Alternating_Cossack_Squat;Novice;Quadriceps
Clubbell_Front_Flag_Hold_Low_Switch_Cossack_Squat;Intermediate;Quadriceps
Clubbell_Front_Flag_Hold_Foot_Elevated_Cossack_Squat;Intermediate;Quadriceps
Double_Clubbell_Front_Flag_Hold_Cossack_Squat;Novice;Quadriceps
Double_Clubbell_Front_Flag_Hold_Alternating_Cossack_Squat;Novice;Quadriceps
Double_Clubbell_Front_Flag_Hold_Low_Switch_Cossack_Squat;Intermediate;Quadriceps
Double_Clubbell_Front_Flag_Hold_Foot_Elevated_Cossack_Squat;Intermediate;Quadriceps
Single_Arm_Clubbell_Order_Cossack_Squat;Novice;Quadriceps
Single_Arm_Clubbell_Order_Alternating_Cossack_Squat;Novice;Quadriceps
Single_Arm_Clubbell_Order_Low_Switch_Cossack_Squat;Intermediate;Quadriceps
Single_Arm_Clubbell_Order_Foot_Elevated_Cossack_Squat;Intermediate;Quadriceps
Single_Arm_Clubbell_Front_Flag_Hold_Cossack_Squat;Novice;Quadriceps
Single_Arm_Clubbell_Front_Flag_Hold_Alternating_Cossack_Squat;Novice;Quadriceps
Single_Arm_Clubbell_Front_Flag_Hold_Low_Switch_Cossack_Squat;Intermediate;Quadriceps
Single_Arm_Clubbell_Front_Flag_Hold_Foot_Elevated_Cossack_Squat;Intermediate;Quadriceps